[{"Name":"John","Sender":"John","Content":"Hello! 💖😁🐨🐱‍🐉👩🏿‍👩🏻‍👦🏽 lol","Avatar":"C:\\Users\\the-g\\source\\repos\\EyeChat\\EyeChat\\bin\\Debug\\Avatar\\avataaars.png","IsAlignedRight":true,"Timestamp":"2023-06-11T19:07:48.18446+02:00"},
{"Name":"John","Sender":"John","Content":"Hello! 💖😁🐨🐱‍🐉👩🏿‍👩🏻‍👦🏽 lol","Avatar":"C:\\Users\\the-g\\source\\repos\\EyeChat\\EyeChat\\bin\\Debug\\Avatar\\avataaars.png","IsAlignedRight":false,"Timestamp":"2023-06-11T19:07:48.318582+02:00"},
{"Name":"John","Sender":"John","Content":"Hello! 💖😁🐨🐱‍🐉👩🏿‍👩🏻‍👦🏽 lol","Avatar":"C:\\Users\\the-g\\source\\repos\\EyeChat\\EyeChat\\bin\\Debug\\Avatar\\avataaars.png","IsAlignedRight":true,"Timestamp":"2023-06-11T19:09:29.8533279+02:00"},
{"Name":"John","Sender":"John","Content":"Hello! 💖😁🐨🐱‍🐉👩🏿‍👩🏻‍👦🏽 lol","Avatar":"C:\\Users\\the-g\\source\\repos\\EyeChat\\EyeChat\\bin\\Debug\\Avatar\\avataaars.png","IsAlignedRight":false,"Timestamp":"2023-06-11T19:09:29.8963672+02:00"},
{"Name":"John","Sender":"John","Content":"Hello! 💖😁🐨🐱‍🐉👩🏿‍👩🏻‍👦🏽 lol","Avatar":"C:\\Users\\the-g\\source\\repos\\EyeChat\\EyeChat\\bin\\Debug\\Avatar\\avataaars.png","IsAlignedRight":true,"Timestamp":"2023-06-11T19:10:22.2510335+02:00"},
{"Name":"John","Sender":"John","Content":"Hello! 💖😁🐨🐱‍🐉👩🏿‍👩🏻‍👦🏽 lol","Avatar":"C:\\Users\\the-g\\source\\repos\\EyeChat\\EyeChat\\bin\\Debug\\Avatar\\avataaars.png","IsAlignedRight":false,"Timestamp":"2023-06-11T19:10:22.286065+02:00"},
{"Name":"John","Sender":"John","Content":"Hello! 💖😁🐨🐱‍🐉👩🏿‍👩🏻‍👦🏽 lol","Avatar":"C:\\Users\\the-g\\source\\repos\\EyeChat\\EyeChat\\bin\\Debug\\Avatar\\avataaars.png","IsAlignedRight":true,"Timestamp":"2023-06-11T19:12:16.5595953+02:00"},
{"Name":"John","Sender":"John","Content":"Hello! 💖😁🐨🐱‍🐉👩🏿‍👩🏻‍👦🏽 lol","Avatar":"C:\\Users\\the-g\\source\\repos\\EyeChat\\EyeChat\\bin\\Debug\\Avatar\\avataaars.png","IsAlignedRight":false,"Timestamp":"2023-06-11T19:12:16.5936264+02:00"},
{"Name":"John","Sender":"John","Content":"Hello! 💖😁🐨🐱‍🐉👩🏿‍👩🏻‍👦🏽 lol","Avatar":"C:\\Users\\the-g\\source\\repos\\EyeChat\\EyeChat\\bin\\Debug\\Avatar\\avataaars.png","IsAlignedRight":true,"Timestamp":"2023-06-11T19:12:40.9152068+02:00"},
{"Name":"John","Sender":"John","Content":"Hello! 💖😁🐨🐱‍🐉👩🏿‍👩🏻‍👦🏽 lol","Avatar":"C:\\Users\\the-g\\source\\repos\\EyeChat\\EyeChat\\bin\\Debug\\Avatar\\avataaars.png","IsAlignedRight":false,"Timestamp":"2023-06-11T19:12:40.950238+02:00"},
{"Name":"John","Sender":"John","Content":"Hello! 💖😁🐨🐱‍🐉👩🏿‍👩🏻‍👦🏽 lol","Avatar":"C:\\Users\\the-g\\source\\repos\\EyeChat\\EyeChat\\bin\\Debug\\Avatar\\avataaars.png","IsAlignedRight":true,"Timestamp":"2023-06-11T19:12:58.3249638+02:00"},
{"Name":"John","Sender":"John","Content":"Hello! 💖😁🐨🐱‍🐉👩🏿‍👩🏻‍👦🏽 lol","Avatar":"C:\\Users\\the-g\\source\\repos\\EyeChat\\EyeChat\\bin\\Debug\\Avatar\\avataaars.png","IsAlignedRight":false,"Timestamp":"2023-06-11T19:12:58.3579939+02:00"},
{"Name":"John","Sender":"John","Content":"Hello! 💖😁🐨🐱‍🐉👩🏿‍👩🏻‍👦🏽 lol","Avatar":"C:\\Users\\the-g\\source\\repos\\EyeChat\\EyeChat\\bin\\Debug\\Avatar\\avataaars.png","IsAlignedRight":true,"Timestamp":"2023-06-11T19:39:56.5745293+02:00"},
{"Name":"John","Sender":"John","Content":"Hello! 💖😁🐨🐱‍🐉👩🏿‍👩🏻‍👦🏽 lol","Avatar":"C:\\Users\\the-g\\source\\repos\\EyeChat\\EyeChat\\bin\\Debug\\Avatar\\avataaars.png","IsAlignedRight":false,"Timestamp":"2023-06-11T19:39:56.6175688+02:00"},
{"Name":"John","Sender":"John","Content":"Hello! 💖😁🐨🐱‍🐉👩🏿‍👩🏻‍👦🏽 lol","Avatar":"C:\\Users\\the-g\\source\\repos\\EyeChat\\EyeChat\\bin\\Debug\\Avatar\\avataaars.png","IsAlignedRight":true,"Timestamp":"2023-06-11T19:40:33.6770206+02:00"},
{"Name":"John","Sender":"John","Content":"Hello! 💖😁🐨🐱‍🐉👩🏿‍👩🏻‍👦🏽 lol","Avatar":"C:\\Users\\the-g\\source\\repos\\EyeChat\\EyeChat\\bin\\Debug\\Avatar\\avataaars.png","IsAlignedRight":false,"Timestamp":"2023-06-11T19:40:33.7110517+02:00"},
{"Name":"John","Sender":"John","Content":"Hello! 💖😁🐨🐱‍🐉👩🏿‍👩🏻‍👦🏽 lol","Avatar":"C:\\Users\\the-g\\source\\repos\\EyeChat\\EyeChat\\bin\\Debug\\Avatar\\avataaars.png","IsAlignedRight":true,"Timestamp":"2023-06-11T19:41:22.5014957+02:00"},
{"Name":"John","Sender":"John","Content":"Hello! 💖😁🐨🐱‍🐉👩🏿‍👩🏻‍👦🏽 lol","Avatar":"C:\\Users\\the-g\\source\\repos\\EyeChat\\EyeChat\\bin\\Debug\\Avatar\\avataaars.png","IsAlignedRight":false,"Timestamp":"2023-06-11T19:41:22.5345245+02:00"},
{"Name":"John","Sender":"John","Content":"Hello! 💖😁🐨🐱‍🐉👩🏿‍👩🏻‍👦🏽 lol","Avatar":"C:\\Users\\the-g\\source\\repos\\EyeChat\\EyeChat\\bin\\Debug\\Avatar\\avataaars.png","IsAlignedRight":true,"Timestamp":"2023-06-11T19:44:10.9709959+02:00"},
{"Name":"John","Sender":"John","Content":"Hello! 💖😁🐨🐱‍🐉👩🏿‍👩🏻‍👦🏽 lol","Avatar":"C:\\Users\\the-g\\source\\repos\\EyeChat\\EyeChat\\bin\\Debug\\Avatar\\avataaars.png","IsAlignedRight":false,"Timestamp":"2023-06-11T19:44:11.010031+02:00"},
{"Name":"John","Sender":"John","Content":"Hello! 💖😁🐨🐱‍🐉👩🏿‍👩🏻‍👦🏽 lol","Avatar":"C:\\Users\\the-g\\source\\repos\\EyeChat\\EyeChat\\bin\\Debug\\Avatar\\avataaars.png","IsAlignedRight":true,"Timestamp":"2023-06-11T19:44:55.7835157+02:00"},
{"Name":"John","Sender":"John","Content":"Hello! 💖😁🐨🐱‍🐉👩🏿‍👩🏻‍👦🏽 lol","Avatar":"C:\\Users\\the-g\\source\\repos\\EyeChat\\EyeChat\\bin\\Debug\\Avatar\\avataaars.png","IsAlignedRight":false,"Timestamp":"2023-06-11T19:44:55.8265567+02:00"},
{"Name":"Benoit","Sender":"John","Content":"Hello! 💖😁🐨🐱‍🐉👩🏿‍👩🏻‍👦🏽 lol","Avatar":"C:\\Users\\the-g\\source\\repos\\EyeChat\\EyeChat\\bin\\Debug\\Avatar\\avataaars.png","IsAlignedRight":true,"Timestamp":"2023-06-11T19:46:08.6096054+02:00"},
{"Name":"Benoit","Sender":"John","Content":"Hello! 💖😁🐨🐱‍🐉👩🏿‍👩🏻‍👦🏽 lol","Avatar":"C:\\Users\\the-g\\source\\repos\\EyeChat\\EyeChat\\bin\\Debug\\Avatar\\avataaars.png","IsAlignedRight":false,"Timestamp":"2023-06-11T19:46:08.6436363+02:00"},
{"Name":"Benoit","Sender":"John","Content":"Hello! 💖😁🐨🐱‍🐉👩🏿‍👩🏻‍👦🏽 lol","Avatar":"C:\\Users\\the-g\\source\\repos\\EyeChat\\EyeChat\\bin\\Debug\\Avatar\\avataaars.png","IsAlignedRight":true,"Timestamp":"2023-06-11T19:47:55.096121+02:00"},
{"Name":"Benoit","Sender":"John","Content":"Hello! 💖😁🐨🐱‍🐉👩🏿‍👩🏻‍👦🏽 lol","Avatar":"C:\\Users\\the-g\\source\\repos\\EyeChat\\EyeChat\\bin\\Debug\\Avatar\\avataaars.png","IsAlignedRight":false,"Timestamp":"2023-06-11T19:47:55.1361553+02:00"},
{"Name":"Benoit","Sender":"John","Content":"Hello! 💖😁🐨🐱‍🐉👩🏿‍👩🏻‍👦🏽 lol","Avatar":"C:\\Users\\the-g\\source\\repos\\EyeChat\\EyeChat\\bin\\Debug\\Avatar\\avataaars.png","IsAlignedRight":true,"Timestamp":"2023-06-11T19:49:05.9538125+02:00"},
{"Name":"Benoit","Sender":"John","Content":"Hello! 💖😁🐨🐱‍🐉👩🏿‍👩🏻‍👦🏽 lol","Avatar":"C:\\Users\\the-g\\source\\repos\\EyeChat\\EyeChat\\bin\\Debug\\Avatar\\avataaars.png","IsAlignedRight":false,"Timestamp":"2023-06-11T19:49:05.987843+02:00"},
{"Name":"Benoit","Sender":"John","Content":"Hello! 💖😁🐨🐱‍🐉👩🏿‍👩🏻‍👦🏽 lol","Avatar":"C:\\Users\\the-g\\source\\repos\\EyeChat\\EyeChat\\bin\\Debug\\Avatar\\avataaars.png","IsAlignedRight":true,"Timestamp":"2023-06-11T19:50:13.2865466+02:00"},
{"Name":"Benoit","Sender":"John","Content":"Hello! 💖😁🐨🐱‍🐉👩🏿‍👩🏻‍👦🏽 lol","Avatar":"C:\\Users\\the-g\\source\\repos\\EyeChat\\EyeChat\\bin\\Debug\\Avatar\\avataaars.png","IsAlignedRight":false,"Timestamp":"2023-06-11T19:50:13.3225802+02:00"},
{"Name":"Benoit","Sender":"John","Content":"Hello! 💖😁🐨🐱‍🐉👩🏿‍👩🏻‍👦🏽 lol","Avatar":"C:\\Users\\the-g\\source\\repos\\EyeChat\\EyeChat\\bin\\Debug\\Avatar\\avataaars.png","IsAlignedRight":true,"Timestamp":"2023-06-11T20:33:26.2295092+02:00"},
{"Name":"Benoit","Sender":"John","Content":"Hello! 💖😁🐨🐱‍🐉👩🏿‍👩🏻‍👦🏽 lol","Avatar":"C:\\Users\\the-g\\source\\repos\\EyeChat\\EyeChat\\bin\\Debug\\Avatar\\avataaars.png","IsAlignedRight":false,"Timestamp":"2023-06-11T20:33:26.2725467+02:00"},
{"Name":"Benoit","Sender":"John","Content":"Hello! 💖😁🐨🐱‍🐉👩🏿‍👩🏻‍👦🏽 lol","Avatar":"C:\\Users\\the-g\\source\\repos\\EyeChat\\EyeChat\\bin\\Debug\\Avatar\\avataaars.png","IsAlignedRight":true,"Timestamp":"2023-06-11T20:34:52.8203699+02:00"},
{"Name":"Benoit","Sender":"John","Content":"Hello! 💖😁🐨🐱‍🐉👩🏿‍👩🏻‍👦🏽 lol","Avatar":"C:\\Users\\the-g\\source\\repos\\EyeChat\\EyeChat\\bin\\Debug\\Avatar\\avataaars.png","IsAlignedRight":false,"Timestamp":"2023-06-11T20:34:52.8614083+02:00"},
{"Name":"Benoit","Sender":"John","Content":"Hello! 💖😁🐨🐱‍🐉👩🏿‍👩🏻‍👦🏽 lol","Avatar":"C:\\Users\\the-g\\source\\repos\\EyeChat\\EyeChat\\bin\\Debug\\Avatar\\avataaars.png","IsAlignedRight":true,"Timestamp":"2023-06-11T20:35:34.8732914+02:00"},
{"Name":"Benoit","Sender":"John","Content":"Hello! 💖😁🐨🐱‍🐉👩🏿‍👩🏻‍👦🏽 lol","Avatar":"C:\\Users\\the-g\\source\\repos\\EyeChat\\EyeChat\\bin\\Debug\\Avatar\\avataaars.png","IsAlignedRight":false,"Timestamp":"2023-06-11T20:35:34.9063218+02:00"},
{"Name":"Benoit","Sender":"John","Content":"Hello! 💖😁🐨🐱‍🐉👩🏿‍👩🏻‍👦🏽 lol","Avatar":"C:\\Users\\the-g\\source\\repos\\EyeChat\\EyeChat\\bin\\Debug\\Avatar\\avataaars.png","IsAlignedRight":true,"Timestamp":"2023-06-11T20:40:18.9352641+02:00"},
{"Name":"Benoit","Sender":"John","Content":"Hello! 💖😁🐨🐱‍🐉👩🏿‍👩🏻‍👦🏽 lol","Avatar":"C:\\Users\\the-g\\source\\repos\\EyeChat\\EyeChat\\bin\\Debug\\Avatar\\avataaars.png","IsAlignedRight":false,"Timestamp":"2023-06-11T20:40:18.9702946+02:00"},
{"Name":"Benoit","Sender":"John","Content":"Hello! 💖😁🐨🐱‍🐉👩🏿‍👩🏻‍👦🏽 lol","Avatar":"C:\\Users\\the-g\\source\\repos\\EyeChat\\EyeChat\\bin\\Debug\\Avatar\\avataaars.png","IsAlignedRight":true,"Timestamp":"2023-06-11T20:46:27.0801694+02:00"},
{"Name":"Benoit","Sender":"John","Content":"Hello! 💖😁🐨🐱‍🐉👩🏿‍👩🏻‍👦🏽 lol","Avatar":"C:\\Users\\the-g\\source\\repos\\EyeChat\\EyeChat\\bin\\Debug\\Avatar\\avataaars.png","IsAlignedRight":false,"Timestamp":"2023-06-11T20:46:27.1141993+02:00"},
{"Name":"Benoit","Sender":"John","Content":"Hello! 💖😁🐨🐱‍🐉👩🏿‍👩🏻‍👦🏽 lol","Avatar":"C:\\Users\\the-g\\source\\repos\\EyeChat\\EyeChat\\bin\\Debug\\Avatar\\avataaars.png","IsAlignedRight":true,"Timestamp":"2023-06-11T20:46:48.778614+02:00"},
{"Name":"Benoit","Sender":"John","Content":"Hello! 💖😁🐨🐱‍🐉👩🏿‍👩🏻‍👦🏽 lol","Avatar":"C:\\Users\\the-g\\source\\repos\\EyeChat\\EyeChat\\bin\\Debug\\Avatar\\avataaars.png","IsAlignedRight":false,"Timestamp":"2023-06-11T20:46:48.8126459+02:00"},
{"Name":"Benoit","Sender":"John","Content":"Hello! 💖😁🐨🐱‍🐉👩🏿‍👩🏻‍👦🏽 lol","Avatar":"C:\\Users\\the-g\\source\\repos\\EyeChat\\EyeChat\\bin\\Debug\\Avatar\\avataaars.png","IsAlignedRight":true,"Timestamp":"2023-06-11T20:47:50.9419434+02:00"},
{"Name":"Benoit","Sender":"John","Content":"Hello! 💖😁🐨🐱‍🐉👩🏿‍👩🏻‍👦🏽 lol","Avatar":"C:\\Users\\the-g\\source\\repos\\EyeChat\\EyeChat\\bin\\Debug\\Avatar\\avataaars.png","IsAlignedRight":false,"Timestamp":"2023-06-11T20:47:50.9759739+02:00"},
{"Name":"Benoit","Sender":"John","Content":"Hello! 💖😁🐨🐱‍🐉👩🏿‍👩🏻‍👦🏽 lol","Avatar":"C:\\Users\\the-g\\source\\repos\\EyeChat\\EyeChat\\bin\\Debug\\Avatar\\avataaars.png","IsAlignedRight":true,"Timestamp":"2023-06-11T20:49:41.5757114+02:00"},
{"Name":"Benoit","Sender":"John","Content":"Hello! 💖😁🐨🐱‍🐉👩🏿‍👩🏻‍👦🏽 lol","Avatar":"C:\\Users\\the-g\\source\\repos\\EyeChat\\EyeChat\\bin\\Debug\\Avatar\\avataaars.png","IsAlignedRight":false,"Timestamp":"2023-06-11T20:49:41.6157469+02:00"},
{"Name":"Benoit","Sender":"John","Content":"Hello! 💖😁🐨🐱‍🐉👩🏿‍👩🏻‍👦🏽 lol","Avatar":"C:\\Users\\the-g\\source\\repos\\EyeChat\\EyeChat\\bin\\Debug\\Avatar\\avataaars.png","IsAlignedRight":true,"Timestamp":"2023-06-11T20:50:34.4301844+02:00"},
{"Name":"Benoit","Sender":"John","Content":"Hello! 💖😁🐨🐱‍🐉👩🏿‍👩🏻‍👦🏽 lol","Avatar":"C:\\Users\\the-g\\source\\repos\\EyeChat\\EyeChat\\bin\\Debug\\Avatar\\avataaars.png","IsAlignedRight":false,"Timestamp":"2023-06-11T20:50:34.4702205+02:00"},
{"Name":"Benoit","Sender":"John","Content":"Hello! 💖😁🐨🐱‍🐉👩🏿‍👩🏻‍👦🏽 lol","Avatar":"C:\\Users\\the-g\\source\\repos\\EyeChat\\EyeChat\\bin\\Debug\\Avatar\\avataaars.png","IsAlignedRight":true,"Timestamp":"2023-06-11T20:51:28.6808231+02:00"},
{"Name":"Benoit","Sender":"John","Content":"Hello! 💖😁🐨🐱‍🐉👩🏿‍👩🏻‍👦🏽 lol","Avatar":"C:\\Users\\the-g\\source\\repos\\EyeChat\\EyeChat\\bin\\Debug\\Avatar\\avataaars.png","IsAlignedRight":false,"Timestamp":"2023-06-11T20:51:28.7208595+02:00"},
{"Name":"Benoit","Sender":"John","Content":"Hello! 💖😁🐨🐱‍🐉👩🏿‍👩🏻‍👦🏽 lol","Avatar":"C:\\Users\\the-g\\source\\repos\\EyeChat\\EyeChat\\bin\\Debug\\Avatar\\avataaars.png","IsAlignedRight":true,"Timestamp":"2023-06-11T20:53:38.250965+02:00"},
{"Name":"Benoit","Sender":"John","Content":"Hello! 💖😁🐨🐱‍🐉👩🏿‍👩🏻‍👦🏽 lol","Avatar":"C:\\Users\\the-g\\source\\repos\\EyeChat\\EyeChat\\bin\\Debug\\Avatar\\avataaars.png","IsAlignedRight":false,"Timestamp":"2023-06-11T20:53:38.2930026+02:00"},
{"Name":"Benoit","Sender":"John","Content":"Hello! 💖😁🐨🐱‍🐉👩🏿‍👩🏻‍👦🏽 lol","Avatar":"C:\\Users\\the-g\\source\\repos\\EyeChat\\EyeChat\\bin\\Debug\\Avatar\\avataaars.png","IsAlignedRight":true,"Timestamp":"2023-06-11T20:54:36.7077295+02:00"},
{"Name":"Benoit","Sender":"John","Content":"Hello! 💖😁🐨🐱‍🐉👩🏿‍👩🏻‍👦🏽 lol","Avatar":"C:\\Users\\the-g\\source\\repos\\EyeChat\\EyeChat\\bin\\Debug\\Avatar\\avataaars.png","IsAlignedRight":false,"Timestamp":"2023-06-11T20:54:36.7487663+02:00"},
{"Name":"Benoit","Sender":"John","Content":"Hello! 💖😁🐨🐱‍🐉👩🏿‍👩🏻‍👦🏽 lol","Avatar":"C:\\Users\\the-g\\source\\repos\\EyeChat\\EyeChat\\bin\\Debug\\Avatar\\avataaars.png","IsAlignedRight":true,"Timestamp":"2023-06-11T21:01:12.3980277+02:00"},
{"Name":"Benoit","Sender":"John","Content":"Hello! 💖😁🐨🐱‍🐉👩🏿‍👩🏻‍👦🏽 lol","Avatar":"C:\\Users\\the-g\\source\\repos\\EyeChat\\EyeChat\\bin\\Debug\\Avatar\\avataaars.png","IsAlignedRight":false,"Timestamp":"2023-06-11T21:01:12.4340609+02:00"},
{"Name":"Benoit","Sender":"John","Content":"Hello! 💖😁🐨🐱‍🐉👩🏿‍👩🏻‍👦🏽 lol","Avatar":"C:\\Users\\the-g\\source\\repos\\EyeChat\\EyeChat\\bin\\Debug\\Avatar\\avataaars.png","IsAlignedRight":true,"Timestamp":"2023-06-11T21:03:31.9107547+02:00"},
{"Name":"Benoit","Sender":"John","Content":"Hello! 💖😁🐨🐱‍🐉👩🏿‍👩🏻‍👦🏽 lol","Avatar":"C:\\Users\\the-g\\source\\repos\\EyeChat\\EyeChat\\bin\\Debug\\Avatar\\avataaars.png","IsAlignedRight":false,"Timestamp":"2023-06-11T21:03:31.9557936+02:00"},
{"Name":"Benoit","Sender":"John","Content":"Hello! 💖😁🐨🐱‍🐉👩🏿‍👩🏻‍👦🏽 lol","Avatar":"C:\\Users\\the-g\\source\\repos\\EyeChat\\EyeChat\\bin\\Debug\\Avatar\\avataaars.png","IsAlignedRight":true,"Timestamp":"2023-06-11T21:04:33.565468+02:00"},
{"Name":"Benoit","Sender":"John","Content":"Hello! 💖😁🐨🐱‍🐉👩🏿‍👩🏻‍👦🏽 lol","Avatar":"C:\\Users\\the-g\\source\\repos\\EyeChat\\EyeChat\\bin\\Debug\\Avatar\\avataaars.png","IsAlignedRight":false,"Timestamp":"2023-06-11T21:04:33.599499+02:00"},
{"Name":"Benoit","Sender":"John","Content":"Hello! 💖😁🐨🐱‍🐉👩🏿‍👩🏻‍👦🏽 lol","Avatar":"C:\\Users\\the-g\\source\\repos\\EyeChat\\EyeChat\\bin\\Debug\\Avatar\\avataaars.png","IsAlignedRight":true,"Timestamp":"2023-06-11T21:07:10.4624689+02:00"},
{"Name":"Benoit","Sender":"John","Content":"Hello! 💖😁🐨🐱‍🐉👩🏿‍👩🏻‍👦🏽 lol","Avatar":"C:\\Users\\the-g\\source\\repos\\EyeChat\\EyeChat\\bin\\Debug\\Avatar\\avataaars.png","IsAlignedRight":false,"Timestamp":"2023-06-11T21:07:10.4954993+02:00"},
{"Name":"Benoit","Sender":"John","Content":"Hello! 💖😁🐨🐱‍🐉👩🏿‍👩🏻‍👦🏽 lol","Avatar":"C:\\Users\\the-g\\source\\repos\\EyeChat\\EyeChat\\bin\\Debug\\Avatar\\avataaars.png","IsAlignedRight":true,"Timestamp":"2023-06-11T21:07:33.8322048+02:00"},
{"Name":"Benoit","Sender":"John","Content":"Hello! 💖😁🐨🐱‍🐉👩🏿‍👩🏻‍👦🏽 lol","Avatar":"C:\\Users\\the-g\\source\\repos\\EyeChat\\EyeChat\\bin\\Debug\\Avatar\\avataaars.png","IsAlignedRight":false,"Timestamp":"2023-06-11T21:07:33.8692389+02:00"},
{"Name":"Benoit","Sender":"John","Content":"Hello! 💖😁🐨🐱‍🐉👩🏿‍👩🏻‍👦🏽 lol","Avatar":"C:\\Users\\the-g\\source\\repos\\EyeChat\\EyeChat\\bin\\Debug\\Avatar\\avataaars.png","IsAlignedRight":true,"Timestamp":"2023-06-11T21:35:35.3182348+02:00"},
{"Name":"Benoit","Sender":"John","Content":"Hello! 💖😁🐨🐱‍🐉👩🏿‍👩🏻‍👦🏽 lol","Avatar":"C:\\Users\\the-g\\source\\repos\\EyeChat\\EyeChat\\bin\\Debug\\Avatar\\avataaars.png","IsAlignedRight":false,"Timestamp":"2023-06-11T21:35:35.3582728+02:00"},
{"Name":"Benoit","Sender":"John","Content":"Hello! 💖😁🐨🐱‍🐉👩🏿‍👩🏻‍👦🏽 lol","Avatar":"C:\\Users\\the-g\\source\\repos\\EyeChat\\EyeChat\\bin\\Debug\\Avatar\\avataaars.png","IsAlignedRight":true,"Timestamp":"2023-06-11T21:38:46.0384996+02:00"},
{"Name":"Benoit","Sender":"John","Content":"Hello! 💖😁🐨🐱‍🐉👩🏿‍👩🏻‍👦🏽 lol","Avatar":"C:\\Users\\the-g\\source\\repos\\EyeChat\\EyeChat\\bin\\Debug\\Avatar\\avataaars.png","IsAlignedRight":false,"Timestamp":"2023-06-11T21:38:46.0795362+02:00"},
{"Name":"Benoit","Sender":"John","Content":"Hello! 💖😁🐨🐱‍🐉👩🏿‍👩🏻‍👦🏽 lol","Avatar":"C:\\Users\\the-g\\source\\repos\\EyeChat\\EyeChat\\bin\\Debug\\Avatar\\avataaars.png","IsAlignedRight":true,"Timestamp":"2023-06-11T21:47:03.9344985+02:00"},
{"Name":"Benoit","Sender":"John","Content":"Hello! 💖😁🐨🐱‍🐉👩🏿‍👩🏻‍👦🏽 lol","Avatar":"C:\\Users\\the-g\\source\\repos\\EyeChat\\EyeChat\\bin\\Debug\\Avatar\\avataaars.png","IsAlignedRight":false,"Timestamp":"2023-06-11T21:47:03.9825441+02:00"},
{"Name":"Benoit","Sender":"John","Content":"Hello! 💖😁🐨🐱‍🐉👩🏿‍👩🏻‍👦🏽 lol","Avatar":"C:\\Users\\the-g\\source\\repos\\EyeChat\\EyeChat\\bin\\Debug\\Avatar\\avataaars.png","IsAlignedRight":true,"Timestamp":"2023-06-11T21:51:59.889876+02:00"},
{"Name":"Benoit","Sender":"John","Content":"Hello! 💖😁🐨🐱‍🐉👩🏿‍👩🏻‍👦🏽 lol","Avatar":"C:\\Users\\the-g\\source\\repos\\EyeChat\\EyeChat\\bin\\Debug\\Avatar\\avataaars.png","IsAlignedRight":false,"Timestamp":"2023-06-11T21:51:59.9309138+02:00"},
{"Name":"Benoit","Sender":"John","Content":"Hello! 💖😁🐨🐱‍🐉👩🏿‍👩🏻‍👦🏽 lol","Avatar":"C:\\Users\\the-g\\source\\repos\\EyeChat\\EyeChat\\bin\\Debug\\Avatar\\avataaars.png","IsAlignedRight":true,"Timestamp":"2023-06-11T21:52:15.8874454+02:00"},
{"Name":"Benoit","Sender":"John","Content":"Hello! 💖😁🐨🐱‍🐉👩🏿‍👩🏻‍👦🏽 lol","Avatar":"C:\\Users\\the-g\\source\\repos\\EyeChat\\EyeChat\\bin\\Debug\\Avatar\\avataaars.png","IsAlignedRight":false,"Timestamp":"2023-06-11T21:52:15.9314848+02:00"},
{"Name":"Benoit","Sender":"John","Content":"Hello! 💖😁🐨🐱‍🐉👩🏿‍👩🏻‍👦🏽 lol","Avatar":"C:\\Users\\the-g\\source\\repos\\EyeChat\\EyeChat\\bin\\Debug\\Avatar\\avataaars.png","IsAlignedRight":true,"Timestamp":"2023-06-11T21:52:28.1466109+02:00"},
{"Name":"Benoit","Sender":"John","Content":"Hello! 💖😁🐨🐱‍🐉👩🏿‍👩🏻‍👦🏽 lol","Avatar":"C:\\Users\\the-g\\source\\repos\\EyeChat\\EyeChat\\bin\\Debug\\Avatar\\avataaars.png","IsAlignedRight":false,"Timestamp":"2023-06-11T21:52:28.1906509+02:00"},
{"Name":"Benoit","Sender":"John","Content":"Hello! 💖😁🐨🐱‍🐉👩🏿‍👩🏻‍👦🏽 lol","Avatar":"C:\\Users\\the-g\\source\\repos\\EyeChat\\EyeChat\\bin\\Debug\\Avatar\\avataaars.png","IsAlignedRight":true,"Timestamp":"2023-06-11T21:54:53.9934639+02:00"},
{"Name":"Benoit","Sender":"John","Content":"Hello! 💖😁🐨🐱‍🐉👩🏿‍👩🏻‍👦🏽 lol","Avatar":"C:\\Users\\the-g\\source\\repos\\EyeChat\\EyeChat\\bin\\Debug\\Avatar\\avataaars.png","IsAlignedRight":false,"Timestamp":"2023-06-11T21:54:54.0355013+02:00"},
{"Name":"Benoit","Sender":"John","Content":"Hello! 💖😁🐨🐱‍🐉👩🏿‍👩🏻‍👦🏽 lol","Avatar":"C:\\Users\\the-g\\source\\repos\\EyeChat\\EyeChat\\bin\\Debug\\Avatar\\avataaars.png","IsAlignedRight":true,"Timestamp":"2023-06-11T21:55:45.9546576+02:00"},
{"Name":"Benoit","Sender":"John","Content":"Hello! 💖😁🐨🐱‍🐉👩🏿‍👩🏻‍👦🏽 lol","Avatar":"C:\\Users\\the-g\\source\\repos\\EyeChat\\EyeChat\\bin\\Debug\\Avatar\\avataaars.png","IsAlignedRight":false,"Timestamp":"2023-06-11T21:55:45.9916955+02:00"},
{"Name":"Benoit","Sender":"John","Content":"Hello! 💖😁🐨🐱‍🐉👩🏿‍👩🏻‍👦🏽 lol","Avatar":"C:\\Users\\the-g\\source\\repos\\EyeChat\\EyeChat\\bin\\Debug\\Avatar\\avataaars.png","IsAlignedRight":true,"Timestamp":"2023-06-11T21:56:36.1603794+02:00"},
{"Name":"Benoit","Sender":"John","Content":"Hello! 💖😁🐨🐱‍🐉👩🏿‍👩🏻‍👦🏽 lol","Avatar":"C:\\Users\\the-g\\source\\repos\\EyeChat\\EyeChat\\bin\\Debug\\Avatar\\avataaars.png","IsAlignedRight":false,"Timestamp":"2023-06-11T21:56:36.1944103+02:00"},
{"Name":"Benoit","Sender":"John","Content":"Hello! 💖😁🐨🐱‍🐉👩🏿‍👩🏻‍👦🏽 lol","Avatar":"C:\\Users\\the-g\\source\\repos\\EyeChat\\EyeChat\\bin\\Debug\\Avatar\\avataaars.png","IsAlignedRight":true,"Timestamp":"2023-06-11T21:58:42.2138264+02:00"},
{"Name":"Benoit","Sender":"John","Content":"Hello! 💖😁🐨🐱‍🐉👩🏿‍👩🏻‍👦🏽 lol","Avatar":"C:\\Users\\the-g\\source\\repos\\EyeChat\\EyeChat\\bin\\Debug\\Avatar\\avataaars.png","IsAlignedRight":false,"Timestamp":"2023-06-11T21:58:42.255865+02:00"},
{"Name":"Benoit","Sender":"John","Content":"Hello! 💖😁🐨🐱‍🐉👩🏿‍👩🏻‍👦🏽 lol","Avatar":"C:\\Users\\the-g\\source\\repos\\EyeChat\\EyeChat\\bin\\Debug\\Avatar\\avataaars.png","IsAlignedRight":true,"Timestamp":"2023-06-11T21:59:54.1763614+02:00"},
{"Name":"Benoit","Sender":"John","Content":"Hello! 💖😁🐨🐱‍🐉👩🏿‍👩🏻‍👦🏽 lol","Avatar":"C:\\Users\\the-g\\source\\repos\\EyeChat\\EyeChat\\bin\\Debug\\Avatar\\avataaars.png","IsAlignedRight":false,"Timestamp":"2023-06-11T21:59:54.2174006+02:00"},
{"Name":"Benoit","Sender":"John","Content":"Hello! 💖😁🐨🐱‍🐉👩🏿‍👩🏻‍👦🏽 lol","Avatar":"C:\\Users\\the-g\\source\\repos\\EyeChat\\EyeChat\\bin\\Debug\\Avatar\\avataaars.png","IsAlignedRight":true,"Timestamp":"2023-06-11T22:02:31.1150871+02:00"},
{"Name":"Benoit","Sender":"John","Content":"Hello! 💖😁🐨🐱‍🐉👩🏿‍👩🏻‍👦🏽 lol","Avatar":"C:\\Users\\the-g\\source\\repos\\EyeChat\\EyeChat\\bin\\Debug\\Avatar\\avataaars.png","IsAlignedRight":false,"Timestamp":"2023-06-11T22:02:31.159127+02:00"}]