[{"Name":"Benoit","Sender":"John","Content":"Hello! 💖😁🐨🐱‍🐉👩🏿‍👩🏻‍👦🏽 lol","Avatar":"C:\\Users\\the-g\\source\\repos\\EyeChat\\EyeChat\\bin\\Debug\\Avatar\\avataaars.png","IsAlignedRight":true,"Timestamp":"2023-06-12T12:18:01.3384008+02:00"},
{"Name":"Benoit","Sender":"John","Content":"Hello! 💖😁🐨🐱‍🐉👩🏿‍👩🏻‍👦🏽 lol","Avatar":"C:\\Users\\the-g\\source\\repos\\EyeChat\\EyeChat\\bin\\Debug\\Avatar\\avataaars.png","IsAlignedRight":false,"Timestamp":"2023-06-12T12:18:01.3754342+02:00"},
{"Name":"Benoit","Sender":"John","Content":"Hello! 💖😁🐨🐱‍🐉👩🏿‍👩🏻‍👦🏽 lol","Avatar":"C:\\Users\\the-g\\source\\repos\\EyeChat\\EyeChat\\bin\\Debug\\Avatar\\avataaars.png","IsAlignedRight":true,"Timestamp":"2023-06-12T12:20:06.6655951+02:00"},
{"Name":"Benoit","Sender":"John","Content":"Hello! 💖😁🐨🐱‍🐉👩🏿‍👩🏻‍👦🏽 lol","Avatar":"C:\\Users\\the-g\\source\\repos\\EyeChat\\EyeChat\\bin\\Debug\\Avatar\\avataaars.png","IsAlignedRight":false,"Timestamp":"2023-06-12T12:20:06.7072569+02:00"},
{"Name":"Benoit","Sender":"John","Content":"Hello! 💖😁🐨🐱‍🐉👩🏿‍👩🏻‍👦🏽 lol","Avatar":"C:\\Users\\the-g\\source\\repos\\EyeChat\\EyeChat\\bin\\Debug\\Avatar\\avataaars.png","IsAlignedRight":true,"Timestamp":"2023-06-12T12:21:17.9618306+02:00"},
{"Name":"Benoit","Sender":"John","Content":"Hello! 💖😁🐨🐱‍🐉👩🏿‍👩🏻‍👦🏽 lol","Avatar":"C:\\Users\\the-g\\source\\repos\\EyeChat\\EyeChat\\bin\\Debug\\Avatar\\avataaars.png","IsAlignedRight":false,"Timestamp":"2023-06-12T12:21:17.9958642+02:00"},
{"Name":"Benoit","Sender":"John","Content":"Hello! 💖😁🐨🐱‍🐉👩🏿‍👩🏻‍👦🏽 lol","Avatar":"C:\\Users\\the-g\\source\\repos\\EyeChat\\EyeChat\\bin\\Debug\\Avatar\\avataaars.png","IsAlignedRight":true,"Timestamp":"2023-06-12T12:34:06.2858218+02:00"},
{"Name":"Benoit","Sender":"John","Content":"Hello! 💖😁🐨🐱‍🐉👩🏿‍👩🏻‍👦🏽 lol","Avatar":"C:\\Users\\the-g\\source\\repos\\EyeChat\\EyeChat\\bin\\Debug\\Avatar\\avataaars.png","IsAlignedRight":false,"Timestamp":"2023-06-12T12:34:06.3218539+02:00"},
{"Name":"Benoit","Sender":"John","Content":"Hello! 💖😁🐨🐱‍🐉👩🏿‍👩🏻‍👦🏽 lol","Avatar":"C:\\Users\\the-g\\source\\repos\\EyeChat\\EyeChat\\bin\\Debug\\Avatar\\avataaars.png","IsAlignedRight":true,"Timestamp":"2023-06-12T12:40:50.3532651+02:00"},
{"Name":"Benoit","Sender":"John","Content":"Hello! 💖😁🐨🐱‍🐉👩🏿‍👩🏻‍👦🏽 lol","Avatar":"C:\\Users\\the-g\\source\\repos\\EyeChat\\EyeChat\\bin\\Debug\\Avatar\\avataaars.png","IsAlignedRight":false,"Timestamp":"2023-06-12T12:40:50.3852942+02:00"},
{"Name":"Benoit","Sender":"John","Content":"Hello! 💖😁🐨🐱‍🐉👩🏿‍👩🏻‍👦🏽 lol","Avatar":"C:\\Users\\the-g\\source\\repos\\EyeChat\\EyeChat\\bin\\Debug\\Avatar\\avataaars.png","IsAlignedRight":true,"Timestamp":"2023-06-12T12:42:51.8244846+02:00"},
{"Name":"Benoit","Sender":"John","Content":"Hello! 💖😁🐨🐱‍🐉👩🏿‍👩🏻‍👦🏽 lol","Avatar":"C:\\Users\\the-g\\source\\repos\\EyeChat\\EyeChat\\bin\\Debug\\Avatar\\avataaars.png","IsAlignedRight":false,"Timestamp":"2023-06-12T12:42:51.8615175+02:00"},
{"Name":"Benoit","Sender":"John","Content":"Hello! 💖😁🐨🐱‍🐉👩🏿‍👩🏻‍👦🏽 lol","Avatar":"C:\\Users\\the-g\\source\\repos\\EyeChat\\EyeChat\\bin\\Debug\\Avatar\\avataaars.png","IsAlignedRight":true,"Timestamp":"2023-06-12T12:43:12.4790528+02:00"},
{"Name":"Benoit","Sender":"John","Content":"Hello! 💖😁🐨🐱‍🐉👩🏿‍👩🏻‍👦🏽 lol","Avatar":"C:\\Users\\the-g\\source\\repos\\EyeChat\\EyeChat\\bin\\Debug\\Avatar\\avataaars.png","IsAlignedRight":false,"Timestamp":"2023-06-12T12:43:12.5190878+02:00"},
{"Name":"Benoit","Sender":"John","Content":"Hello! 💖😁🐨🐱‍🐉👩🏿‍👩🏻‍👦🏽 lol","Avatar":"C:\\Users\\the-g\\source\\repos\\EyeChat\\EyeChat\\bin\\Debug\\Avatar\\avataaars.png","IsAlignedRight":true,"Timestamp":"2023-06-12T12:48:56.5595259+02:00"},
{"Name":"Benoit","Sender":"John","Content":"Hello! 💖😁🐨🐱‍🐉👩🏿‍👩🏻‍👦🏽 lol","Avatar":"C:\\Users\\the-g\\source\\repos\\EyeChat\\EyeChat\\bin\\Debug\\Avatar\\avataaars.png","IsAlignedRight":false,"Timestamp":"2023-06-12T12:48:56.5980704+02:00"},
{"Name":"Benoit","Sender":"John","Content":"Hello! 💖😁🐨🐱‍🐉👩🏿‍👩🏻‍👦🏽 lol","Avatar":"C:\\Users\\the-g\\source\\repos\\EyeChat\\EyeChat\\bin\\Debug\\Avatar\\avataaars.png","IsAlignedRight":true,"Timestamp":"2023-06-12T19:16:23.3776073+02:00"},
{"Name":"Benoit","Sender":"John","Content":"Hello! 💖😁🐨🐱‍🐉👩🏿‍👩🏻‍👦🏽 lol","Avatar":"C:\\Users\\the-g\\source\\repos\\EyeChat\\EyeChat\\bin\\Debug\\Avatar\\avataaars.png","IsAlignedRight":false,"Timestamp":"2023-06-12T19:16:23.4131474+02:00"},
{"Name":"Benoit","Sender":"John","Content":"Hello! 💖😁🐨🐱‍🐉👩🏿‍👩🏻‍👦🏽 lol","Avatar":"C:\\Users\\the-g\\source\\repos\\EyeChat\\EyeChat\\bin\\Debug\\Avatar\\avataaars.png","IsAlignedRight":true,"Timestamp":"2023-06-12T19:17:24.8662493+02:00"},
{"Name":"Benoit","Sender":"John","Content":"Hello! 💖😁🐨🐱‍🐉👩🏿‍👩🏻‍👦🏽 lol","Avatar":"C:\\Users\\the-g\\source\\repos\\EyeChat\\EyeChat\\bin\\Debug\\Avatar\\avataaars.png","IsAlignedRight":false,"Timestamp":"2023-06-12T19:17:24.906482+02:00"},
{"Name":"Benoit","Sender":"John","Content":"Hello! 💖😁🐨🐱‍🐉👩🏿‍👩🏻‍👦🏽 lol","Avatar":"C:\\Users\\the-g\\source\\repos\\EyeChat\\EyeChat\\bin\\Debug\\Avatar\\avataaars.png","IsAlignedRight":true,"Timestamp":"2023-06-12T19:18:17.1508014+02:00"},
{"Name":"Benoit","Sender":"John","Content":"Hello! 💖😁🐨🐱‍🐉👩🏿‍👩🏻‍👦🏽 lol","Avatar":"C:\\Users\\the-g\\source\\repos\\EyeChat\\EyeChat\\bin\\Debug\\Avatar\\avataaars.png","IsAlignedRight":false,"Timestamp":"2023-06-12T19:18:17.1922875+02:00"},
{"Name":"Benoit","Sender":"John","Content":"Hello! 💖😁🐨🐱‍🐉👩🏿‍👩🏻‍👦🏽 lol","Avatar":"C:\\Users\\the-g\\source\\repos\\EyeChat\\EyeChat\\bin\\Debug\\Avatar\\avataaars.png","IsAlignedRight":true,"Timestamp":"2023-06-12T19:22:29.5664615+02:00"},
{"Name":"Benoit","Sender":"John","Content":"Hello! 💖😁🐨🐱‍🐉👩🏿‍👩🏻‍👦🏽 lol","Avatar":"C:\\Users\\the-g\\source\\repos\\EyeChat\\EyeChat\\bin\\Debug\\Avatar\\avataaars.png","IsAlignedRight":false,"Timestamp":"2023-06-12T19:22:29.6085011+02:00"},
{"Name":"Benoit","Sender":"John","Content":"Hello! 💖😁🐨🐱‍🐉👩🏿‍👩🏻‍👦🏽 lol","Avatar":"C:\\Users\\the-g\\source\\repos\\EyeChat\\EyeChat\\bin\\Debug\\Avatar\\avataaars.png","IsAlignedRight":true,"Timestamp":"2023-06-12T19:40:01.090588+02:00"},
{"Name":"Benoit","Sender":"John","Content":"Hello! 💖😁🐨🐱‍🐉👩🏿‍👩🏻‍👦🏽 lol","Avatar":"C:\\Users\\the-g\\source\\repos\\EyeChat\\EyeChat\\bin\\Debug\\Avatar\\avataaars.png","IsAlignedRight":false,"Timestamp":"2023-06-12T19:40:01.1281281+02:00"},
{"Name":"Benoit","Sender":"John","Content":"Hello! 💖😁🐨🐱‍🐉👩🏿‍👩🏻‍👦🏽 lol","Avatar":"C:\\Users\\the-g\\source\\repos\\EyeChat\\EyeChat\\bin\\Debug\\Avatar\\avataaars.png","IsAlignedRight":true,"Timestamp":"2023-06-12T19:42:05.4458773+02:00"},
{"Name":"Benoit","Sender":"John","Content":"Hello! 💖😁🐨🐱‍🐉👩🏿‍👩🏻‍👦🏽 lol","Avatar":"C:\\Users\\the-g\\source\\repos\\EyeChat\\EyeChat\\bin\\Debug\\Avatar\\avataaars.png","IsAlignedRight":false,"Timestamp":"2023-06-12T19:42:05.4789074+02:00"},
{"Name":"Benoit","Sender":"John","Content":"Hello! 💖😁🐨🐱‍🐉👩🏿‍👩🏻‍👦🏽 lol","Avatar":"C:\\Users\\the-g\\source\\repos\\EyeChat\\EyeChat\\bin\\Debug\\Avatar\\avataaars.png","IsAlignedRight":true,"Timestamp":"2023-06-12T19:42:18.4132878+02:00"},
{"Name":"Benoit","Sender":"John","Content":"Hello! 💖😁🐨🐱‍🐉👩🏿‍👩🏻‍👦🏽 lol","Avatar":"C:\\Users\\the-g\\source\\repos\\EyeChat\\EyeChat\\bin\\Debug\\Avatar\\avataaars.png","IsAlignedRight":false,"Timestamp":"2023-06-12T19:42:18.4538327+02:00"},
{"Name":"Benoit","Sender":"John","Content":"Hello! 💖😁🐨🐱‍🐉👩🏿‍👩🏻‍👦🏽 lol","Avatar":"C:\\Users\\the-g\\source\\repos\\EyeChat\\EyeChat\\bin\\Debug\\Avatar\\avataaars.png","IsAlignedRight":true,"Timestamp":"2023-06-12T19:43:34.0442931+02:00"},
{"Name":"Benoit","Sender":"John","Content":"Hello! 💖😁🐨🐱‍🐉👩🏿‍👩🏻‍👦🏽 lol","Avatar":"C:\\Users\\the-g\\source\\repos\\EyeChat\\EyeChat\\bin\\Debug\\Avatar\\avataaars.png","IsAlignedRight":false,"Timestamp":"2023-06-12T19:43:34.0843279+02:00"},
{"Name":"Benoit","Sender":"John","Content":"Hello! 💖😁🐨🐱‍🐉👩🏿‍👩🏻‍👦🏽 lol","Avatar":"C:\\Users\\the-g\\source\\repos\\EyeChat\\EyeChat\\bin\\Debug\\Avatar\\avataaars.png","IsAlignedRight":true,"Timestamp":"2023-06-12T20:40:12.7384189+02:00"},
{"Name":"Benoit","Sender":"John","Content":"Hello! 💖😁🐨🐱‍🐉👩🏿‍👩🏻‍👦🏽 lol","Avatar":"C:\\Users\\the-g\\source\\repos\\EyeChat\\EyeChat\\bin\\Debug\\Avatar\\avataaars.png","IsAlignedRight":false,"Timestamp":"2023-06-12T20:40:12.7714499+02:00"},
{"Name":"Benoit","Sender":"John","Content":"Hello! 💖😁🐨🐱‍🐉👩🏿‍👩🏻‍👦🏽 lol","Avatar":"C:\\Users\\the-g\\source\\repos\\EyeChat\\EyeChat\\bin\\Debug\\Avatar\\avataaars.png","IsAlignedRight":true,"Timestamp":"2023-06-12T20:43:20.5540808+02:00"},
{"Name":"Benoit","Sender":"John","Content":"Hello! 💖😁🐨🐱‍🐉👩🏿‍👩🏻‍👦🏽 lol","Avatar":"C:\\Users\\the-g\\source\\repos\\EyeChat\\EyeChat\\bin\\Debug\\Avatar\\avataaars.png","IsAlignedRight":false,"Timestamp":"2023-06-12T20:43:20.5871111+02:00"},
{"Name":"Benoit","Sender":"John","Content":"Hello! 💖😁🐨🐱‍🐉👩🏿‍👩🏻‍👦🏽 lol","Avatar":"C:\\Users\\the-g\\source\\repos\\EyeChat\\EyeChat\\bin\\Debug\\Avatar\\avataaars.png","IsAlignedRight":true,"Timestamp":"2023-06-12T21:05:50.8090353+02:00"},
{"Name":"Benoit","Sender":"John","Content":"Hello! 💖😁🐨🐱‍🐉👩🏿‍👩🏻‍👦🏽 lol","Avatar":"C:\\Users\\the-g\\source\\repos\\EyeChat\\EyeChat\\bin\\Debug\\Avatar\\avataaars.png","IsAlignedRight":false,"Timestamp":"2023-06-12T21:05:50.8500731+02:00"},
{"Name":"Benoit","Sender":"John","Content":"Hello! 💖😁🐨🐱‍🐉👩🏿‍👩🏻‍👦🏽 lol","Avatar":"C:\\Users\\the-g\\source\\repos\\EyeChat\\EyeChat\\bin\\Debug\\Avatar\\avataaars.png","IsAlignedRight":true,"Timestamp":"2023-06-12T21:12:55.0418234+02:00"},
{"Name":"Benoit","Sender":"John","Content":"Hello! 💖😁🐨🐱‍🐉👩🏿‍👩🏻‍👦🏽 lol","Avatar":"C:\\Users\\the-g\\source\\repos\\EyeChat\\EyeChat\\bin\\Debug\\Avatar\\avataaars.png","IsAlignedRight":false,"Timestamp":"2023-06-12T21:12:55.0908683+02:00"},
{"Name":"Benoit","Sender":"John","Content":"Hello! 💖😁🐨🐱‍🐉👩🏿‍👩🏻‍👦🏽 lol","Avatar":"C:\\Users\\the-g\\source\\repos\\EyeChat\\EyeChat\\bin\\Debug\\Avatar\\avataaars.png","IsAlignedRight":true,"Timestamp":"2023-06-12T21:13:39.1590114+02:00"},
{"Name":"Benoit","Sender":"John","Content":"Hello! 💖😁🐨🐱‍🐉👩🏿‍👩🏻‍👦🏽 lol","Avatar":"C:\\Users\\the-g\\source\\repos\\EyeChat\\EyeChat\\bin\\Debug\\Avatar\\avataaars.png","IsAlignedRight":false,"Timestamp":"2023-06-12T21:13:39.1940429+02:00"},
{"Name":"Benoit","Sender":"John","Content":"Hello! 💖😁🐨🐱‍🐉👩🏿‍👩🏻‍👦🏽 lol","Avatar":"C:\\Users\\the-g\\source\\repos\\EyeChat\\EyeChat\\bin\\Debug\\Avatar\\avataaars.png","IsAlignedRight":true,"Timestamp":"2023-06-12T21:14:06.6347654+02:00"},
{"Name":"Benoit","Sender":"John","Content":"Hello! 💖😁🐨🐱‍🐉👩🏿‍👩🏻‍👦🏽 lol","Avatar":"C:\\Users\\the-g\\source\\repos\\EyeChat\\EyeChat\\bin\\Debug\\Avatar\\avataaars.png","IsAlignedRight":false,"Timestamp":"2023-06-12T21:14:06.6697971+02:00"},
{"Name":"Benoit","Sender":"John","Content":"Hello! 💖😁🐨🐱‍🐉👩🏿‍👩🏻‍👦🏽 lol","Avatar":"C:\\Users\\the-g\\source\\repos\\EyeChat\\EyeChat\\bin\\Debug\\Avatar\\avataaars.png","IsAlignedRight":true,"Timestamp":"2023-06-12T21:14:30.2912432+02:00"},
{"Name":"Benoit","Sender":"John","Content":"Hello! 💖😁🐨🐱‍🐉👩🏿‍👩🏻‍👦🏽 lol","Avatar":"C:\\Users\\the-g\\source\\repos\\EyeChat\\EyeChat\\bin\\Debug\\Avatar\\avataaars.png","IsAlignedRight":false,"Timestamp":"2023-06-12T21:14:30.3262757+02:00"},
{"Name":"Benoit","Sender":"John","Content":"Hello! 💖😁🐨🐱‍🐉👩🏿‍👩🏻‍👦🏽 lol","Avatar":"C:\\Users\\the-g\\source\\repos\\EyeChat\\EyeChat\\bin\\Debug\\Avatar\\avataaars.png","IsAlignedRight":true,"Timestamp":"2023-06-12T21:14:45.4563826+02:00"},
{"Name":"Benoit","Sender":"John","Content":"Hello! 💖😁🐨🐱‍🐉👩🏿‍👩🏻‍👦🏽 lol","Avatar":"C:\\Users\\the-g\\source\\repos\\EyeChat\\EyeChat\\bin\\Debug\\Avatar\\avataaars.png","IsAlignedRight":false,"Timestamp":"2023-06-12T21:14:45.4944162+02:00"}]