[{"Name":"Benoit","Sender":"John","Content":"Hello! 💖😁🐨🐱‍🐉👩🏿‍👩🏻‍👦🏽 lol","Avatar":"C:\\Users\\the-g\\source\\repos\\EyeChat\\EyeChat\\bin\\Debug\\Avatar\\avataaars.png","IsAlignedRight":true,"Timestamp":"2023-06-13T12:27:37.7393208+02:00"},
{"Name":"Benoit","Sender":"John","Content":"Hello! 💖😁🐨🐱‍🐉👩🏿‍👩🏻‍👦🏽 lol","Avatar":"C:\\Users\\the-g\\source\\repos\\EyeChat\\EyeChat\\bin\\Debug\\Avatar\\avataaars.png","IsAlignedRight":false,"Timestamp":"2023-06-13T12:27:37.7748593+02:00"},
{"Name":"Benoit","Sender":"John","Content":"Hello! 💖😁🐨🐱‍🐉👩🏿‍👩🏻‍👦🏽 lol","Avatar":"C:\\Users\\the-g\\source\\repos\\EyeChat\\EyeChat\\bin\\Debug\\Avatar\\avataaars.png","IsAlignedRight":true,"Timestamp":"2023-06-13T19:01:42.757715+02:00"},
{"Name":"Benoit","Sender":"John","Content":"Hello! 💖😁🐨🐱‍🐉👩🏿‍👩🏻‍👦🏽 lol","Avatar":"C:\\Users\\the-g\\source\\repos\\EyeChat\\EyeChat\\bin\\Debug\\Avatar\\avataaars.png","IsAlignedRight":false,"Timestamp":"2023-06-13T19:01:42.8017605+02:00"},
{"Name":"Benoit","Sender":"John","Content":"Hello! 💖😁🐨🐱‍🐉👩🏿‍👩🏻‍👦🏽 lol","Avatar":"C:\\Users\\the-g\\source\\repos\\EyeChat\\EyeChat\\bin\\Debug\\Avatar\\avataaars.png","IsAlignedRight":true,"Timestamp":"2023-06-13T19:04:26.8280449+02:00"},
{"Name":"Benoit","Sender":"John","Content":"Hello! 💖😁🐨🐱‍🐉👩🏿‍👩🏻‍👦🏽 lol","Avatar":"C:\\Users\\the-g\\source\\repos\\EyeChat\\EyeChat\\bin\\Debug\\Avatar\\avataaars.png","IsAlignedRight":false,"Timestamp":"2023-06-13T19:04:26.8610752+02:00"},
{"Name":"Benoit","Sender":"John","Content":"Hello! 💖😁🐨🐱‍🐉👩🏿‍👩🏻‍👦🏽 lol","Avatar":"C:\\Users\\the-g\\source\\repos\\EyeChat\\EyeChat\\bin\\Debug\\Avatar\\avataaars.png","IsAlignedRight":true,"Timestamp":"2023-06-13T19:05:33.2307501+02:00"},
{"Name":"Benoit","Sender":"John","Content":"Hello! 💖😁🐨🐱‍🐉👩🏿‍👩🏻‍👦🏽 lol","Avatar":"C:\\Users\\the-g\\source\\repos\\EyeChat\\EyeChat\\bin\\Debug\\Avatar\\avataaars.png","IsAlignedRight":false,"Timestamp":"2023-06-13T19:05:33.2757941+02:00"},
{"Name":"Benoit","Sender":"John","Content":"Hello! 💖😁🐨🐱‍🐉👩🏿‍👩🏻‍👦🏽 lol","Avatar":"C:\\Users\\the-g\\source\\repos\\EyeChat\\EyeChat\\bin\\Debug\\Avatar\\avataaars.png","IsAlignedRight":true,"Timestamp":"2023-06-13T19:06:06.8667082+02:00"},
{"Name":"Benoit","Sender":"John","Content":"Hello! 💖😁🐨🐱‍🐉👩🏿‍👩🏻‍👦🏽 lol","Avatar":"C:\\Users\\the-g\\source\\repos\\EyeChat\\EyeChat\\bin\\Debug\\Avatar\\avataaars.png","IsAlignedRight":false,"Timestamp":"2023-06-13T19:06:06.9052511+02:00"},
{"Name":"Benoit","Sender":"John","Content":"Hello! 💖😁🐨🐱‍🐉👩🏿‍👩🏻‍👦🏽 lol","Avatar":"C:\\Users\\the-g\\source\\repos\\EyeChat\\EyeChat\\bin\\Debug\\Avatar\\avataaars.png","IsAlignedRight":true,"Timestamp":"2023-06-13T19:07:50.0503811+02:00"},
{"Name":"Benoit","Sender":"John","Content":"Hello! 💖😁🐨🐱‍🐉👩🏿‍👩🏻‍👦🏽 lol","Avatar":"C:\\Users\\the-g\\source\\repos\\EyeChat\\EyeChat\\bin\\Debug\\Avatar\\avataaars.png","IsAlignedRight":false,"Timestamp":"2023-06-13T19:07:50.08341+02:00"},
{"Name":"Benoit","Sender":"John","Content":"Hello! 💖😁🐨🐱‍🐉👩🏿‍👩🏻‍👦🏽 lol","Avatar":"C:\\Users\\the-g\\source\\repos\\EyeChat\\EyeChat\\bin\\Debug\\Avatar\\avataaars.png","IsAlignedRight":true,"Timestamp":"2023-06-13T21:15:09.3602069+02:00"},
{"Name":"Benoit","Sender":"John","Content":"Hello! 💖😁🐨🐱‍🐉👩🏿‍👩🏻‍👦🏽 lol","Avatar":"C:\\Users\\the-g\\source\\repos\\EyeChat\\EyeChat\\bin\\Debug\\Avatar\\avataaars.png","IsAlignedRight":false,"Timestamp":"2023-06-13T21:15:09.4022431+02:00"},
{"Name":"Benoit","Sender":"John","Content":"Hello! 💖😁🐨🐱‍🐉👩🏿‍👩🏻‍👦🏽 lol","Avatar":"C:\\Users\\the-g\\source\\repos\\EyeChat\\EyeChat\\bin\\Debug\\Avatar\\avataaars.png","IsAlignedRight":true,"Timestamp":"2023-06-13T21:31:13.3491791+02:00"},
{"Name":"Benoit","Sender":"John","Content":"Hello! 💖😁🐨🐱‍🐉👩🏿‍👩🏻‍👦🏽 lol","Avatar":"C:\\Users\\the-g\\source\\repos\\EyeChat\\EyeChat\\bin\\Debug\\Avatar\\avataaars.png","IsAlignedRight":false,"Timestamp":"2023-06-13T21:31:13.3817309+02:00"}]