[{"Name":"Benoit","Sender":"John","Content":"Hello! 💖😁🐨🐱‍🐉👩🏿‍👩🏻‍👦🏽 lol","Avatar":"C:\\Users\\the-g\\source\\repos\\EyeChat\\EyeChat\\bin\\Debug\\Avatar\\avataaars.png","IsAlignedRight":true,"Timestamp":"2023-06-14T19:11:23.6919779+02:00"},
{"Name":"Benoit","Sender":"John","Content":"Hello! 💖😁🐨🐱‍🐉👩🏿‍👩🏻‍👦🏽 lol","Avatar":"C:\\Users\\the-g\\source\\repos\\EyeChat\\EyeChat\\bin\\Debug\\Avatar\\avataaars.png","IsAlignedRight":false,"Timestamp":"2023-06-14T19:11:23.7330146+02:00"},
{"Name":"Benoit","Sender":"John","Content":"Hello! 💖😁🐨🐱‍🐉👩🏿‍👩🏻‍👦🏽 lol","Avatar":"C:\\Users\\the-g\\source\\repos\\EyeChat\\EyeChat\\bin\\Debug\\Avatar\\avataaars.png","IsAlignedRight":true,"Timestamp":"2023-06-14T19:12:34.7034236+02:00"},
{"Name":"Benoit","Sender":"John","Content":"Hello! 💖😁🐨🐱‍🐉👩🏿‍👩🏻‍👦🏽 lol","Avatar":"C:\\Users\\the-g\\source\\repos\\EyeChat\\EyeChat\\bin\\Debug\\Avatar\\avataaars.png","IsAlignedRight":false,"Timestamp":"2023-06-14T19:12:34.7414581+02:00"},
{"Name":"Benoit","Sender":"John","Content":"Hello! 💖😁🐨🐱‍🐉👩🏿‍👩🏻‍👦🏽 lol","Avatar":"C:\\Users\\the-g\\source\\repos\\EyeChat\\EyeChat\\bin\\Debug\\Avatar\\avataaars.png","IsAlignedRight":true,"Timestamp":"2023-06-14T19:13:35.7449845+02:00"},
{"Name":"Benoit","Sender":"John","Content":"Hello! 💖😁🐨🐱‍🐉👩🏿‍👩🏻‍👦🏽 lol","Avatar":"C:\\Users\\the-g\\source\\repos\\EyeChat\\EyeChat\\bin\\Debug\\Avatar\\avataaars.png","IsAlignedRight":false,"Timestamp":"2023-06-14T19:13:35.7900256+02:00"},
{"Name":"Benoit","Sender":"John","Content":"Hello! 💖😁🐨🐱‍🐉👩🏿‍👩🏻‍👦🏽 lol","Avatar":"C:\\Users\\the-g\\source\\repos\\EyeChat\\EyeChat\\bin\\Debug\\Avatar\\avataaars.png","IsAlignedRight":true,"Timestamp":"2023-06-14T19:14:40.1901744+02:00"},
{"Name":"Benoit","Sender":"John","Content":"Hello! 💖😁🐨🐱‍🐉👩🏿‍👩🏻‍👦🏽 lol","Avatar":"C:\\Users\\the-g\\source\\repos\\EyeChat\\EyeChat\\bin\\Debug\\Avatar\\avataaars.png","IsAlignedRight":false,"Timestamp":"2023-06-14T19:14:40.2292079+02:00"},
{"Name":"Benoit","Sender":"John","Content":"Hello! 💖😁🐨🐱‍🐉👩🏿‍👩🏻‍👦🏽 lol","Avatar":"C:\\Users\\the-g\\source\\repos\\EyeChat\\EyeChat\\bin\\Debug\\Avatar\\avataaars.png","IsAlignedRight":true,"Timestamp":"2023-06-14T19:15:09.5196312+02:00"},
{"Name":"Benoit","Sender":"John","Content":"Hello! 💖😁🐨🐱‍🐉👩🏿‍👩🏻‍👦🏽 lol","Avatar":"C:\\Users\\the-g\\source\\repos\\EyeChat\\EyeChat\\bin\\Debug\\Avatar\\avataaars.png","IsAlignedRight":false,"Timestamp":"2023-06-14T19:15:09.5556637+02:00"}]