[{"Name":"Benoit","Sender":"John","Content":"Hello! 💖😁🐨🐱‍🐉👩🏿‍👩🏻‍👦🏽 lol","Avatar":"C:\\Users\\the-g\\source\\repos\\EyeChat\\EyeChat\\bin\\Debug\\Avatar\\avataaars.png","IsAlignedRight":true,"Timestamp":"2023-06-15T07:42:44.3626319+02:00"},
{"Name":"Benoit","Sender":"John","Content":"Hello! 💖😁🐨🐱‍🐉👩🏿‍👩🏻‍👦🏽 lol","Avatar":"C:\\Users\\the-g\\source\\repos\\EyeChat\\EyeChat\\bin\\Debug\\Avatar\\avataaars.png","IsAlignedRight":false,"Timestamp":"2023-06-15T07:42:44.3996649+02:00"},
{"Name":"Benoit","Sender":"John","Content":"Hello! 💖😁🐨🐱‍🐉👩🏿‍👩🏻‍👦🏽 lol","Avatar":"C:\\Users\\the-g\\source\\repos\\EyeChat\\EyeChat\\bin\\Debug\\Avatar\\avataaars.png","IsAlignedRight":true,"Timestamp":"2023-06-15T07:54:19.0892527+02:00"},
{"Name":"Benoit","Sender":"John","Content":"Hello! 💖😁🐨🐱‍🐉👩🏿‍👩🏻‍👦🏽 lol","Avatar":"C:\\Users\\the-g\\source\\repos\\EyeChat\\EyeChat\\bin\\Debug\\Avatar\\avataaars.png","IsAlignedRight":false,"Timestamp":"2023-06-15T07:54:19.1232844+02:00"},
{"Name":"Benoit","Sender":"John","Content":"Hello! 💖😁🐨🐱‍🐉👩🏿‍👩🏻‍👦🏽 lol","Avatar":"C:\\Users\\the-g\\source\\repos\\EyeChat\\EyeChat\\bin\\Debug\\Avatar\\avataaars.png","IsAlignedRight":true,"Timestamp":"2023-06-15T07:58:57.2213002+02:00"},
{"Name":"Benoit","Sender":"John","Content":"Hello! 💖😁🐨🐱‍🐉👩🏿‍👩🏻‍👦🏽 lol","Avatar":"C:\\Users\\the-g\\source\\repos\\EyeChat\\EyeChat\\bin\\Debug\\Avatar\\avataaars.png","IsAlignedRight":false,"Timestamp":"2023-06-15T07:58:57.2552719+02:00"},
{"Name":"Benoit","Sender":"John","Content":"Hello! 💖😁🐨🐱‍🐉👩🏿‍👩🏻‍👦🏽 lol","Avatar":"C:\\Users\\the-g\\source\\repos\\EyeChat\\EyeChat\\bin\\Debug\\Avatar\\avataaars.png","IsAlignedRight":true,"Timestamp":"2023-06-15T08:04:25.8544517+02:00"},
{"Name":"Benoit","Sender":"John","Content":"Hello! 💖😁🐨🐱‍🐉👩🏿‍👩🏻‍👦🏽 lol","Avatar":"C:\\Users\\the-g\\source\\repos\\EyeChat\\EyeChat\\bin\\Debug\\Avatar\\avataaars.png","IsAlignedRight":false,"Timestamp":"2023-06-15T08:04:25.890479+02:00"},
{"Name":"Benoit","Sender":"John","Content":"Hello! 💖😁🐨🐱‍🐉👩🏿‍👩🏻‍👦🏽 lol","Avatar":"C:\\Users\\the-g\\source\\repos\\EyeChat\\EyeChat\\bin\\Debug\\Avatar\\avataaars.png","IsAlignedRight":true,"Timestamp":"2023-06-15T08:06:35.7271382+02:00"},
{"Name":"Benoit","Sender":"John","Content":"Hello! 💖😁🐨🐱‍🐉👩🏿‍👩🏻‍👦🏽 lol","Avatar":"C:\\Users\\the-g\\source\\repos\\EyeChat\\EyeChat\\bin\\Debug\\Avatar\\avataaars.png","IsAlignedRight":false,"Timestamp":"2023-06-15T08:06:35.7618531+02:00"},
{"Name":"Benoit","Sender":"John","Content":"Hello! 💖😁🐨🐱‍🐉👩🏿‍👩🏻‍👦🏽 lol","Avatar":"C:\\Users\\the-g\\source\\repos\\EyeChat\\EyeChat\\bin\\Debug\\Avatar\\avataaars.png","IsAlignedRight":true,"Timestamp":"2023-06-15T08:06:53.6111791+02:00"},
{"Name":"Benoit","Sender":"John","Content":"Hello! 💖😁🐨🐱‍🐉👩🏿‍👩🏻‍👦🏽 lol","Avatar":"C:\\Users\\the-g\\source\\repos\\EyeChat\\EyeChat\\bin\\Debug\\Avatar\\avataaars.png","IsAlignedRight":false,"Timestamp":"2023-06-15T08:06:53.6478196+02:00"},
{"Name":"Benoit","Sender":"John","Content":"Hello! 💖😁🐨🐱‍🐉👩🏿‍👩🏻‍👦🏽 lol","Avatar":"C:\\Users\\the-g\\source\\repos\\EyeChat\\EyeChat\\bin\\Debug\\Avatar\\avataaars.png","IsAlignedRight":true,"Timestamp":"2023-06-15T08:10:24.0049163+02:00"},
{"Name":"Benoit","Sender":"John","Content":"Hello! 💖😁🐨🐱‍🐉👩🏿‍👩🏻‍👦🏽 lol","Avatar":"C:\\Users\\the-g\\source\\repos\\EyeChat\\EyeChat\\bin\\Debug\\Avatar\\avataaars.png","IsAlignedRight":false,"Timestamp":"2023-06-15T08:10:24.0400078+02:00"},
{"Name":"Benoit","Sender":"John","Content":"Hello! 💖😁🐨🐱‍🐉👩🏿‍👩🏻‍👦🏽 lol","Avatar":"C:\\Users\\the-g\\source\\repos\\EyeChat\\EyeChat\\bin\\Debug\\Avatar\\avataaars.png","IsAlignedRight":true,"Timestamp":"2023-06-15T08:14:13.4358882+02:00"},
{"Name":"Benoit","Sender":"John","Content":"Hello! 💖😁🐨🐱‍🐉👩🏿‍👩🏻‍👦🏽 lol","Avatar":"C:\\Users\\the-g\\source\\repos\\EyeChat\\EyeChat\\bin\\Debug\\Avatar\\avataaars.png","IsAlignedRight":false,"Timestamp":"2023-06-15T08:14:13.4692664+02:00"},
{"Name":"Benoit","Sender":"John","Content":"Hello! 💖😁🐨🐱‍🐉👩🏿‍👩🏻‍👦🏽 lol","Avatar":"C:\\Users\\the-g\\source\\repos\\EyeChat\\EyeChat\\bin\\Debug\\Avatar\\avataaars.png","IsAlignedRight":true,"Timestamp":"2023-06-15T08:19:49.5495021+02:00"},
{"Name":"Benoit","Sender":"John","Content":"Hello! 💖😁🐨🐱‍🐉👩🏿‍👩🏻‍👦🏽 lol","Avatar":"C:\\Users\\the-g\\source\\repos\\EyeChat\\EyeChat\\bin\\Debug\\Avatar\\avataaars.png","IsAlignedRight":false,"Timestamp":"2023-06-15T08:19:49.6041594+02:00"},
{"Name":"Benoit","Sender":"John","Content":"Hello! 💖😁🐨🐱‍🐉👩🏿‍👩🏻‍👦🏽 lol","Avatar":"C:\\Users\\the-g\\source\\repos\\EyeChat\\EyeChat\\bin\\Debug\\Avatar\\avataaars.png","IsAlignedRight":true,"Timestamp":"2023-06-15T08:20:21.761392+02:00"},
{"Name":"Benoit","Sender":"John","Content":"Hello! 💖😁🐨🐱‍🐉👩🏿‍👩🏻‍👦🏽 lol","Avatar":"C:\\Users\\the-g\\source\\repos\\EyeChat\\EyeChat\\bin\\Debug\\Avatar\\avataaars.png","IsAlignedRight":false,"Timestamp":"2023-06-15T08:20:21.7919374+02:00"},
{"Name":"Benoit","Sender":"John","Content":"Hello! 💖😁🐨🐱‍🐉👩🏿‍👩🏻‍👦🏽 lol","Avatar":"C:\\Users\\the-g\\source\\repos\\EyeChat\\EyeChat\\bin\\Debug\\Avatar\\avataaars.png","IsAlignedRight":true,"Timestamp":"2023-06-15T08:20:24.8778553+02:00"},
{"Name":"Benoit","Sender":"John","Content":"Hello! 💖😁🐨🐱‍🐉👩🏿‍👩🏻‍👦🏽 lol","Avatar":"C:\\Users\\the-g\\source\\repos\\EyeChat\\EyeChat\\bin\\Debug\\Avatar\\avataaars.png","IsAlignedRight":false,"Timestamp":"2023-06-15T08:20:24.9172819+02:00"},
{"Name":"Benoit","Sender":"John","Content":"Hello! 💖😁🐨🐱‍🐉👩🏿‍👩🏻‍👦🏽 lol","Avatar":"C:\\Users\\the-g\\source\\repos\\EyeChat\\EyeChat\\bin\\Debug\\Avatar\\avataaars.png","IsAlignedRight":true,"Timestamp":"2023-06-15T08:22:26.4440541+02:00"},
{"Name":"Benoit","Sender":"John","Content":"Hello! 💖😁🐨🐱‍🐉👩🏿‍👩🏻‍👦🏽 lol","Avatar":"C:\\Users\\the-g\\source\\repos\\EyeChat\\EyeChat\\bin\\Debug\\Avatar\\avataaars.png","IsAlignedRight":false,"Timestamp":"2023-06-15T08:22:26.4760644+02:00"},
{"Name":"Benoit","Sender":"John","Content":"Hello! 💖😁🐨🐱‍🐉👩🏿‍👩🏻‍👦🏽 lol","Avatar":"C:\\Users\\the-g\\source\\repos\\EyeChat\\EyeChat\\bin\\Debug\\Avatar\\avataaars.png","IsAlignedRight":true,"Timestamp":"2023-06-15T08:50:04.7440605+02:00"},
{"Name":"Benoit","Sender":"John","Content":"Hello! 💖😁🐨🐱‍🐉👩🏿‍👩🏻‍👦🏽 lol","Avatar":"C:\\Users\\the-g\\source\\repos\\EyeChat\\EyeChat\\bin\\Debug\\Avatar\\avataaars.png","IsAlignedRight":false,"Timestamp":"2023-06-15T08:50:04.7830986+02:00"},
{"Name":"Benoit","Sender":"John","Content":"Hello! 💖😁🐨🐱‍🐉👩🏿‍👩🏻‍👦🏽 lol","Avatar":"C:\\Users\\the-g\\source\\repos\\EyeChat\\EyeChat\\bin\\Debug\\Avatar\\avataaars.png","IsAlignedRight":true,"Timestamp":"2023-06-15T08:53:41.5456882+02:00"},
{"Name":"Benoit","Sender":"John","Content":"Hello! 💖😁🐨🐱‍🐉👩🏿‍👩🏻‍👦🏽 lol","Avatar":"C:\\Users\\the-g\\source\\repos\\EyeChat\\EyeChat\\bin\\Debug\\Avatar\\avataaars.png","IsAlignedRight":false,"Timestamp":"2023-06-15T08:53:41.5937335+02:00"},
{"Name":"Benoit","Sender":"John","Content":"Hello! 💖😁🐨🐱‍🐉👩🏿‍👩🏻‍👦🏽 lol","Avatar":"C:\\Users\\the-g\\source\\repos\\EyeChat\\EyeChat\\bin\\Debug\\Avatar\\avataaars.png","IsAlignedRight":true,"Timestamp":"2023-06-15T09:36:45.3823616+02:00"},
{"Name":"Benoit","Sender":"John","Content":"Hello! 💖😁🐨🐱‍🐉👩🏿‍👩🏻‍👦🏽 lol","Avatar":"C:\\Users\\the-g\\source\\repos\\EyeChat\\EyeChat\\bin\\Debug\\Avatar\\avataaars.png","IsAlignedRight":false,"Timestamp":"2023-06-15T09:36:45.4193966+02:00"},
{"Name":"Benoit","Sender":"John","Content":"Hello! 💖😁🐨🐱‍🐉👩🏿‍👩🏻‍👦🏽 lol","Avatar":"C:\\Users\\the-g\\source\\repos\\EyeChat\\EyeChat\\bin\\Debug\\Avatar\\avataaars.png","IsAlignedRight":true,"Timestamp":"2023-06-15T09:39:47.7444555+02:00"},
{"Name":"Benoit","Sender":"John","Content":"Hello! 💖😁🐨🐱‍🐉👩🏿‍👩🏻‍👦🏽 lol","Avatar":"C:\\Users\\the-g\\source\\repos\\EyeChat\\EyeChat\\bin\\Debug\\Avatar\\avataaars.png","IsAlignedRight":false,"Timestamp":"2023-06-15T09:39:47.7824914+02:00"},
{"Name":"Benoit","Sender":"John","Content":"Hello! 💖😁🐨🐱‍🐉👩🏿‍👩🏻‍👦🏽 lol","Avatar":"C:\\Users\\the-g\\source\\repos\\EyeChat\\EyeChat\\bin\\Debug\\Avatar\\avataaars.png","IsAlignedRight":true,"Timestamp":"2023-06-15T09:40:56.7251222+02:00"},
{"Name":"Benoit","Sender":"John","Content":"Hello! 💖😁🐨🐱‍🐉👩🏿‍👩🏻‍👦🏽 lol","Avatar":"C:\\Users\\the-g\\source\\repos\\EyeChat\\EyeChat\\bin\\Debug\\Avatar\\avataaars.png","IsAlignedRight":false,"Timestamp":"2023-06-15T09:40:56.7641565+02:00"},
{"Name":"Benoit","Sender":"John","Content":"Hello! 💖😁🐨🐱‍🐉👩🏿‍👩🏻‍👦🏽 lol","Avatar":"C:\\Users\\the-g\\source\\repos\\EyeChat\\EyeChat\\bin\\Debug\\Avatar\\avataaars.png","IsAlignedRight":true,"Timestamp":"2023-06-15T09:44:43.8005077+02:00"},
{"Name":"Benoit","Sender":"John","Content":"Hello! 💖😁🐨🐱‍🐉👩🏿‍👩🏻‍👦🏽 lol","Avatar":"C:\\Users\\the-g\\source\\repos\\EyeChat\\EyeChat\\bin\\Debug\\Avatar\\avataaars.png","IsAlignedRight":false,"Timestamp":"2023-06-15T09:44:43.8455485+02:00"},
{"Name":"Benoit","Sender":"John","Content":"Hello! 💖😁🐨🐱‍🐉👩🏿‍👩🏻‍👦🏽 lol","Avatar":"C:\\Users\\the-g\\source\\repos\\EyeChat\\EyeChat\\bin\\Debug\\Avatar\\avataaars.png","IsAlignedRight":true,"Timestamp":"2023-06-15T09:45:30.8092116+02:00"},
{"Name":"Benoit","Sender":"John","Content":"Hello! 💖😁🐨🐱‍🐉👩🏿‍👩🏻‍👦🏽 lol","Avatar":"C:\\Users\\the-g\\source\\repos\\EyeChat\\EyeChat\\bin\\Debug\\Avatar\\avataaars.png","IsAlignedRight":false,"Timestamp":"2023-06-15T09:45:30.8442444+02:00"},
{"Name":"Benoit","Sender":"John","Content":"Hello! 💖😁🐨🐱‍🐉👩🏿‍👩🏻‍👦🏽 lol","Avatar":"C:\\Users\\the-g\\source\\repos\\EyeChat\\EyeChat\\bin\\Debug\\Avatar\\avataaars.png","IsAlignedRight":true,"Timestamp":"2023-06-15T09:46:09.3772505+02:00"},
{"Name":"Benoit","Sender":"John","Content":"Hello! 💖😁🐨🐱‍🐉👩🏿‍👩🏻‍👦🏽 lol","Avatar":"C:\\Users\\the-g\\source\\repos\\EyeChat\\EyeChat\\bin\\Debug\\Avatar\\avataaars.png","IsAlignedRight":false,"Timestamp":"2023-06-15T09:46:09.4142825+02:00"},
{"Name":"Benoit","Sender":"John","Content":"Hello! 💖😁🐨🐱‍🐉👩🏿‍👩🏻‍👦🏽 lol","Avatar":"C:\\Users\\the-g\\source\\repos\\EyeChat\\EyeChat\\bin\\Debug\\Avatar\\avataaars.png","IsAlignedRight":true,"Timestamp":"2023-06-15T09:50:06.2351651+02:00"},
{"Name":"Benoit","Sender":"John","Content":"Hello! 💖😁🐨🐱‍🐉👩🏿‍👩🏻‍👦🏽 lol","Avatar":"C:\\Users\\the-g\\source\\repos\\EyeChat\\EyeChat\\bin\\Debug\\Avatar\\avataaars.png","IsAlignedRight":false,"Timestamp":"2023-06-15T09:50:06.2742034+02:00"},
{"Name":"Benoit","Sender":"John","Content":"Hello! 💖😁🐨🐱‍🐉👩🏿‍👩🏻‍👦🏽 lol","Avatar":"C:\\Users\\the-g\\source\\repos\\EyeChat\\EyeChat\\bin\\Debug\\Avatar\\avataaars.png","IsAlignedRight":true,"Timestamp":"2023-06-15T09:51:40.4629109+02:00"},
{"Name":"Benoit","Sender":"John","Content":"Hello! 💖😁🐨🐱‍🐉👩🏿‍👩🏻‍👦🏽 lol","Avatar":"C:\\Users\\the-g\\source\\repos\\EyeChat\\EyeChat\\bin\\Debug\\Avatar\\avataaars.png","IsAlignedRight":false,"Timestamp":"2023-06-15T09:51:40.5012609+02:00"},
{"Name":"Benoit","Sender":"John","Content":"Hello! 💖😁🐨🐱‍🐉👩🏿‍👩🏻‍👦🏽 lol","Avatar":"C:\\Users\\the-g\\source\\repos\\EyeChat\\EyeChat\\bin\\Debug\\Avatar\\avataaars.png","IsAlignedRight":true,"Timestamp":"2023-06-15T09:55:12.3027139+02:00"},
{"Name":"Benoit","Sender":"John","Content":"Hello! 💖😁🐨🐱‍🐉👩🏿‍👩🏻‍👦🏽 lol","Avatar":"C:\\Users\\the-g\\source\\repos\\EyeChat\\EyeChat\\bin\\Debug\\Avatar\\avataaars.png","IsAlignedRight":false,"Timestamp":"2023-06-15T09:55:12.3422616+02:00"},
{"Name":"Benoit","Sender":"John","Content":"Hello! 💖😁🐨🐱‍🐉👩🏿‍👩🏻‍👦🏽 lol","Avatar":"C:\\Users\\the-g\\source\\repos\\EyeChat\\EyeChat\\bin\\Debug\\Avatar\\avataaars.png","IsAlignedRight":true,"Timestamp":"2023-06-15T09:55:49.1468197+02:00"},
{"Name":"Benoit","Sender":"John","Content":"Hello! 💖😁🐨🐱‍🐉👩🏿‍👩🏻‍👦🏽 lol","Avatar":"C:\\Users\\the-g\\source\\repos\\EyeChat\\EyeChat\\bin\\Debug\\Avatar\\avataaars.png","IsAlignedRight":false,"Timestamp":"2023-06-15T09:55:49.1828958+02:00"},
{"Name":"Benoit","Sender":"John","Content":"Hello! 💖😁🐨🐱‍🐉👩🏿‍👩🏻‍👦🏽 lol","Avatar":"C:\\Users\\the-g\\source\\repos\\EyeChat\\EyeChat\\bin\\Debug\\Avatar\\avataaars.png","IsAlignedRight":true,"Timestamp":"2023-06-15T09:56:07.4704125+02:00"},
{"Name":"Benoit","Sender":"John","Content":"Hello! 💖😁🐨🐱‍🐉👩🏿‍👩🏻‍👦🏽 lol","Avatar":"C:\\Users\\the-g\\source\\repos\\EyeChat\\EyeChat\\bin\\Debug\\Avatar\\avataaars.png","IsAlignedRight":false,"Timestamp":"2023-06-15T09:56:07.5064708+02:00"},
{"Name":"Benoit","Sender":"John","Content":"Hello! 💖😁🐨🐱‍🐉👩🏿‍👩🏻‍👦🏽 lol","Avatar":"C:\\Users\\the-g\\source\\repos\\EyeChat\\EyeChat\\bin\\Debug\\Avatar\\avataaars.png","IsAlignedRight":true,"Timestamp":"2023-06-15T09:58:36.4981466+02:00"},
{"Name":"Benoit","Sender":"John","Content":"Hello! 💖😁🐨🐱‍🐉👩🏿‍👩🏻‍👦🏽 lol","Avatar":"C:\\Users\\the-g\\source\\repos\\EyeChat\\EyeChat\\bin\\Debug\\Avatar\\avataaars.png","IsAlignedRight":false,"Timestamp":"2023-06-15T09:58:36.5331785+02:00"},
{"Name":"Benoit","Sender":"John","Content":"Hello! 💖😁🐨🐱‍🐉👩🏿‍👩🏻‍👦🏽 lol","Avatar":"C:\\Users\\the-g\\source\\repos\\EyeChat\\EyeChat\\bin\\Debug\\Avatar\\avataaars.png","IsAlignedRight":true,"Timestamp":"2023-06-15T10:01:12.1452328+02:00"},
{"Name":"Benoit","Sender":"John","Content":"Hello! 💖😁🐨🐱‍🐉👩🏿‍👩🏻‍👦🏽 lol","Avatar":"C:\\Users\\the-g\\source\\repos\\EyeChat\\EyeChat\\bin\\Debug\\Avatar\\avataaars.png","IsAlignedRight":false,"Timestamp":"2023-06-15T10:01:12.1802662+02:00"},
{"Name":"Benoit","Sender":"John","Content":"Hello! 💖😁🐨🐱‍🐉👩🏿‍👩🏻‍👦🏽 lol","Avatar":"C:\\Users\\the-g\\source\\repos\\EyeChat\\EyeChat\\bin\\Debug\\Avatar\\avataaars.png","IsAlignedRight":true,"Timestamp":"2023-06-15T10:02:58.6709661+02:00"},
{"Name":"Benoit","Sender":"John","Content":"Hello! 💖😁🐨🐱‍🐉👩🏿‍👩🏻‍👦🏽 lol","Avatar":"C:\\Users\\the-g\\source\\repos\\EyeChat\\EyeChat\\bin\\Debug\\Avatar\\avataaars.png","IsAlignedRight":false,"Timestamp":"2023-06-15T10:02:58.706506+02:00"},
{"Name":"Benoit","Sender":"John","Content":"Hello! 💖😁🐨🐱‍🐉👩🏿‍👩🏻‍👦🏽 lol","Avatar":"C:\\Users\\the-g\\source\\repos\\EyeChat\\EyeChat\\bin\\Debug\\Avatar\\avataaars.png","IsAlignedRight":true,"Timestamp":"2023-06-15T10:04:00.0144621+02:00"},
{"Name":"Benoit","Sender":"John","Content":"Hello! 💖😁🐨🐱‍🐉👩🏿‍👩🏻‍👦🏽 lol","Avatar":"C:\\Users\\the-g\\source\\repos\\EyeChat\\EyeChat\\bin\\Debug\\Avatar\\avataaars.png","IsAlignedRight":false,"Timestamp":"2023-06-15T10:04:00.0520046+02:00"},
{"Name":"Benoit","Sender":"John","Content":"Hello! 💖😁🐨🐱‍🐉👩🏿‍👩🏻‍👦🏽 lol","Avatar":"C:\\Users\\the-g\\source\\repos\\EyeChat\\EyeChat\\bin\\Debug\\Avatar\\avataaars.png","IsAlignedRight":true,"Timestamp":"2023-06-15T10:05:06.8336536+02:00"},
{"Name":"Benoit","Sender":"John","Content":"Hello! 💖😁🐨🐱‍🐉👩🏿‍👩🏻‍👦🏽 lol","Avatar":"C:\\Users\\the-g\\source\\repos\\EyeChat\\EyeChat\\bin\\Debug\\Avatar\\avataaars.png","IsAlignedRight":false,"Timestamp":"2023-06-15T10:05:06.8696872+02:00"},
{"Name":"Benoit","Sender":"John","Content":"Hello! 💖😁🐨🐱‍🐉👩🏿‍👩🏻‍👦🏽 lol","Avatar":"C:\\Users\\the-g\\source\\repos\\EyeChat\\EyeChat\\bin\\Debug\\Avatar\\avataaars.png","IsAlignedRight":true,"Timestamp":"2023-06-15T10:08:22.7064835+02:00"},
{"Name":"Benoit","Sender":"John","Content":"Hello! 💖😁🐨🐱‍🐉👩🏿‍👩🏻‍👦🏽 lol","Avatar":"C:\\Users\\the-g\\source\\repos\\EyeChat\\EyeChat\\bin\\Debug\\Avatar\\avataaars.png","IsAlignedRight":false,"Timestamp":"2023-06-15T10:08:22.744748+02:00"},
{"Name":"Benoit","Sender":"John","Content":"Hello! 💖😁🐨🐱‍🐉👩🏿‍👩🏻‍👦🏽 lol","Avatar":"C:\\Users\\the-g\\source\\repos\\EyeChat\\EyeChat\\bin\\Debug\\Avatar\\avataaars.png","IsAlignedRight":true,"Timestamp":"2023-06-15T10:09:33.3185044+02:00"},
{"Name":"Benoit","Sender":"John","Content":"Hello! 💖😁🐨🐱‍🐉👩🏿‍👩🏻‍👦🏽 lol","Avatar":"C:\\Users\\the-g\\source\\repos\\EyeChat\\EyeChat\\bin\\Debug\\Avatar\\avataaars.png","IsAlignedRight":false,"Timestamp":"2023-06-15T10:09:33.3605437+02:00"},
{"Name":"Benoit","Sender":"John","Content":"Hello! 💖😁🐨🐱‍🐉👩🏿‍👩🏻‍👦🏽 lol","Avatar":"C:\\Users\\the-g\\source\\repos\\EyeChat\\EyeChat\\bin\\Debug\\Avatar\\avataaars.png","IsAlignedRight":true,"Timestamp":"2023-06-15T11:06:06.2092624+02:00"},
{"Name":"Benoit","Sender":"John","Content":"Hello! 💖😁🐨🐱‍🐉👩🏿‍👩🏻‍👦🏽 lol","Avatar":"C:\\Users\\the-g\\source\\repos\\EyeChat\\EyeChat\\bin\\Debug\\Avatar\\avataaars.png","IsAlignedRight":false,"Timestamp":"2023-06-15T11:06:06.2452936+02:00"},
{"Name":"Benoit","Sender":"John","Content":"Hello! 💖😁🐨🐱‍🐉👩🏿‍👩🏻‍👦🏽 lol","Avatar":"C:\\Users\\the-g\\source\\repos\\EyeChat\\EyeChat\\bin\\Debug\\Avatar\\avataaars.png","IsAlignedRight":true,"Timestamp":"2023-06-15T11:07:04.5092253+02:00"},
{"Name":"Benoit","Sender":"John","Content":"Hello! 💖😁🐨🐱‍🐉👩🏿‍👩🏻‍👦🏽 lol","Avatar":"C:\\Users\\the-g\\source\\repos\\EyeChat\\EyeChat\\bin\\Debug\\Avatar\\avataaars.png","IsAlignedRight":false,"Timestamp":"2023-06-15T11:07:04.5512641+02:00"},
{"Name":"Benoit","Sender":"John","Content":"Hello! 💖😁🐨🐱‍🐉👩🏿‍👩🏻‍👦🏽 lol","Avatar":"C:\\Users\\the-g\\source\\repos\\EyeChat\\EyeChat\\bin\\Debug\\Avatar\\avataaars.png","IsAlignedRight":true,"Timestamp":"2023-06-15T11:12:50.067771+02:00"},
{"Name":"Benoit","Sender":"John","Content":"Hello! 💖😁🐨🐱‍🐉👩🏿‍👩🏻‍👦🏽 lol","Avatar":"C:\\Users\\the-g\\source\\repos\\EyeChat\\EyeChat\\bin\\Debug\\Avatar\\avataaars.png","IsAlignedRight":false,"Timestamp":"2023-06-15T11:12:50.1098084+02:00"},
{"Name":"Benoit","Sender":"John","Content":"Hello! 💖😁🐨🐱‍🐉👩🏿‍👩🏻‍👦🏽 lol","Avatar":"C:\\Users\\the-g\\source\\repos\\EyeChat\\EyeChat\\bin\\Debug\\Avatar\\avataaars.png","IsAlignedRight":true,"Timestamp":"2023-06-15T11:14:29.9965508+02:00"},
{"Name":"Benoit","Sender":"John","Content":"Hello! 💖😁🐨🐱‍🐉👩🏿‍👩🏻‍👦🏽 lol","Avatar":"C:\\Users\\the-g\\source\\repos\\EyeChat\\EyeChat\\bin\\Debug\\Avatar\\avataaars.png","IsAlignedRight":false,"Timestamp":"2023-06-15T11:14:30.0335838+02:00"},
{"Name":"Benoit","Sender":"John","Content":"Hello! 💖😁🐨🐱‍🐉👩🏿‍👩🏻‍👦🏽 lol","Avatar":"C:\\Users\\the-g\\source\\repos\\EyeChat\\EyeChat\\bin\\Debug\\Avatar\\avataaars.png","IsAlignedRight":true,"Timestamp":"2023-06-15T11:14:53.5169181+02:00"},
{"Name":"Benoit","Sender":"John","Content":"Hello! 💖😁🐨🐱‍🐉👩🏿‍👩🏻‍👦🏽 lol","Avatar":"C:\\Users\\the-g\\source\\repos\\EyeChat\\EyeChat\\bin\\Debug\\Avatar\\avataaars.png","IsAlignedRight":false,"Timestamp":"2023-06-15T11:14:53.5589566+02:00"},
{"Name":"Benoit","Sender":"John","Content":"Hello! 💖😁🐨🐱‍🐉👩🏿‍👩🏻‍👦🏽 lol","Avatar":"C:\\Users\\the-g\\source\\repos\\EyeChat\\EyeChat\\bin\\Debug\\Avatar\\avataaars.png","IsAlignedRight":true,"Timestamp":"2023-06-15T11:17:09.4294304+02:00"},
{"Name":"Benoit","Sender":"John","Content":"Hello! 💖😁🐨🐱‍🐉👩🏿‍👩🏻‍👦🏽 lol","Avatar":"C:\\Users\\the-g\\source\\repos\\EyeChat\\EyeChat\\bin\\Debug\\Avatar\\avataaars.png","IsAlignedRight":false,"Timestamp":"2023-06-15T11:17:09.464791+02:00"},
{"Name":"Benoit","Sender":"John","Content":"Hello! 💖😁🐨🐱‍🐉👩🏿‍👩🏻‍👦🏽 lol","Avatar":"C:\\Users\\the-g\\source\\repos\\EyeChat\\EyeChat\\bin\\Debug\\Avatar\\avataaars.png","IsAlignedRight":true,"Timestamp":"2023-06-15T11:19:34.1105175+02:00"},
{"Name":"Benoit","Sender":"John","Content":"Hello! 💖😁🐨🐱‍🐉👩🏿‍👩🏻‍👦🏽 lol","Avatar":"C:\\Users\\the-g\\source\\repos\\EyeChat\\EyeChat\\bin\\Debug\\Avatar\\avataaars.png","IsAlignedRight":false,"Timestamp":"2023-06-15T11:19:34.1435451+02:00"},
{"Name":"Benoit","Sender":"John","Content":"Hello! 💖😁🐨🐱‍🐉👩🏿‍👩🏻‍👦🏽 lol","Avatar":"C:\\Users\\the-g\\source\\repos\\EyeChat\\EyeChat\\bin\\Debug\\Avatar\\avataaars.png","IsAlignedRight":true,"Timestamp":"2023-06-15T11:20:36.0551334+02:00"},
{"Name":"Benoit","Sender":"John","Content":"Hello! 💖😁🐨🐱‍🐉👩🏿‍👩🏻‍👦🏽 lol","Avatar":"C:\\Users\\the-g\\source\\repos\\EyeChat\\EyeChat\\bin\\Debug\\Avatar\\avataaars.png","IsAlignedRight":false,"Timestamp":"2023-06-15T11:20:36.0891639+02:00"},
{"Name":"Benoit","Sender":"John","Content":"Hello! 💖😁🐨🐱‍🐉👩🏿‍👩🏻‍👦🏽 lol","Avatar":"C:\\Users\\the-g\\source\\repos\\EyeChat\\EyeChat\\bin\\Debug\\Avatar\\avataaars.png","IsAlignedRight":true,"Timestamp":"2023-06-15T11:24:38.7228937+02:00"},
{"Name":"Benoit","Sender":"John","Content":"Hello! 💖😁🐨🐱‍🐉👩🏿‍👩🏻‍👦🏽 lol","Avatar":"C:\\Users\\the-g\\source\\repos\\EyeChat\\EyeChat\\bin\\Debug\\Avatar\\avataaars.png","IsAlignedRight":false,"Timestamp":"2023-06-15T11:24:38.7579256+02:00"},
{"Name":"Benoit","Sender":"John","Content":"Hello! 💖😁🐨🐱‍🐉👩🏿‍👩🏻‍👦🏽 lol","Avatar":"C:\\Users\\the-g\\source\\repos\\EyeChat\\EyeChat\\bin\\Debug\\Avatar\\avataaars.png","IsAlignedRight":true,"Timestamp":"2023-06-15T11:25:51.0966433+02:00"},
{"Name":"Benoit","Sender":"John","Content":"Hello! 💖😁🐨🐱‍🐉👩🏿‍👩🏻‍👦🏽 lol","Avatar":"C:\\Users\\the-g\\source\\repos\\EyeChat\\EyeChat\\bin\\Debug\\Avatar\\avataaars.png","IsAlignedRight":false,"Timestamp":"2023-06-15T11:25:51.1436863+02:00"},
{"Name":"Benoit","Sender":"John","Content":"Hello! 💖😁🐨🐱‍🐉👩🏿‍👩🏻‍👦🏽 lol","Avatar":"C:\\Users\\the-g\\source\\repos\\EyeChat\\EyeChat\\bin\\Debug\\Avatar\\avataaars.png","IsAlignedRight":true,"Timestamp":"2023-06-15T11:26:35.945271+02:00"},
{"Name":"Benoit","Sender":"John","Content":"Hello! 💖😁🐨🐱‍🐉👩🏿‍👩🏻‍👦🏽 lol","Avatar":"C:\\Users\\the-g\\source\\repos\\EyeChat\\EyeChat\\bin\\Debug\\Avatar\\avataaars.png","IsAlignedRight":false,"Timestamp":"2023-06-15T11:26:35.9873119+02:00"},
{"Name":"Benoit","Sender":"John","Content":"Hello! 💖😁🐨🐱‍🐉👩🏿‍👩🏻‍👦🏽 lol","Avatar":"C:\\Users\\the-g\\source\\repos\\EyeChat\\EyeChat\\bin\\Debug\\Avatar\\avataaars.png","IsAlignedRight":true,"Timestamp":"2023-06-15T11:34:15.8745148+02:00"},
{"Name":"Benoit","Sender":"John","Content":"Hello! 💖😁🐨🐱‍🐉👩🏿‍👩🏻‍👦🏽 lol","Avatar":"C:\\Users\\the-g\\source\\repos\\EyeChat\\EyeChat\\bin\\Debug\\Avatar\\avataaars.png","IsAlignedRight":false,"Timestamp":"2023-06-15T11:34:15.9145489+02:00"},
{"Name":"Benoit","Sender":"John","Content":"Hello! 💖😁🐨🐱‍🐉👩🏿‍👩🏻‍👦🏽 lol","Avatar":"C:\\Users\\the-g\\source\\repos\\EyeChat\\EyeChat\\bin\\Debug\\Avatar\\avataaars.png","IsAlignedRight":true,"Timestamp":"2023-06-15T11:34:23.9048092+02:00"},
{"Name":"Benoit","Sender":"John","Content":"Hello! 💖😁🐨🐱‍🐉👩🏿‍👩🏻‍👦🏽 lol","Avatar":"C:\\Users\\the-g\\source\\repos\\EyeChat\\EyeChat\\bin\\Debug\\Avatar\\avataaars.png","IsAlignedRight":false,"Timestamp":"2023-06-15T11:34:23.9448455+02:00"},
{"Name":"Benoit","Sender":"John","Content":"Hello! 💖😁🐨🐱‍🐉👩🏿‍👩🏻‍👦🏽 lol","Avatar":"C:\\Users\\the-g\\source\\repos\\EyeChat\\EyeChat\\bin\\Debug\\Avatar\\avataaars.png","IsAlignedRight":true,"Timestamp":"2023-06-15T11:35:36.3635931+02:00"},
{"Name":"Benoit","Sender":"John","Content":"Hello! 💖😁🐨🐱‍🐉👩🏿‍👩🏻‍👦🏽 lol","Avatar":"C:\\Users\\the-g\\source\\repos\\EyeChat\\EyeChat\\bin\\Debug\\Avatar\\avataaars.png","IsAlignedRight":false,"Timestamp":"2023-06-15T11:35:36.4046309+02:00"},
{"Name":"Benoit","Sender":"John","Content":"Hello! 💖😁🐨🐱‍🐉👩🏿‍👩🏻‍👦🏽 lol","Avatar":"C:\\Users\\the-g\\source\\repos\\EyeChat\\EyeChat\\bin\\Debug\\Avatar\\avataaars.png","IsAlignedRight":true,"Timestamp":"2023-06-15T11:45:01.3553063+02:00"},
{"Name":"Benoit","Sender":"John","Content":"Hello! 💖😁🐨🐱‍🐉👩🏿‍👩🏻‍👦🏽 lol","Avatar":"C:\\Users\\the-g\\source\\repos\\EyeChat\\EyeChat\\bin\\Debug\\Avatar\\avataaars.png","IsAlignedRight":false,"Timestamp":"2023-06-15T11:45:01.4023485+02:00"},
{"Name":"Benoit","Sender":"John","Content":"Hello! 💖😁🐨🐱‍🐉👩🏿‍👩🏻‍👦🏽 lol","Avatar":"C:\\Users\\the-g\\source\\repos\\EyeChat\\EyeChat\\bin\\Debug\\Avatar\\avataaars.png","IsAlignedRight":true,"Timestamp":"2023-06-15T11:51:12.2990315+02:00"},
{"Name":"Benoit","Sender":"John","Content":"Hello! 💖😁🐨🐱‍🐉👩🏿‍👩🏻‍👦🏽 lol","Avatar":"C:\\Users\\the-g\\source\\repos\\EyeChat\\EyeChat\\bin\\Debug\\Avatar\\avataaars.png","IsAlignedRight":false,"Timestamp":"2023-06-15T11:51:12.3400682+02:00"},
{"Name":"Benoit","Sender":"John","Content":"Hello! 💖😁🐨🐱‍🐉👩🏿‍👩🏻‍👦🏽 lol","Avatar":"C:\\Users\\the-g\\source\\repos\\EyeChat\\EyeChat\\bin\\Debug\\Avatar\\avataaars.png","IsAlignedRight":true,"Timestamp":"2023-06-15T11:52:26.8144823+02:00"},
{"Name":"Benoit","Sender":"John","Content":"Hello! 💖😁🐨🐱‍🐉👩🏿‍👩🏻‍👦🏽 lol","Avatar":"C:\\Users\\the-g\\source\\repos\\EyeChat\\EyeChat\\bin\\Debug\\Avatar\\avataaars.png","IsAlignedRight":false,"Timestamp":"2023-06-15T11:52:26.8613606+02:00"},
{"Name":"Benoit","Sender":"John","Content":"Hello! 💖😁🐨🐱‍🐉👩🏿‍👩🏻‍👦🏽 lol","Avatar":"C:\\Users\\the-g\\source\\repos\\EyeChat\\EyeChat\\bin\\Debug\\Avatar\\avataaars.png","IsAlignedRight":true,"Timestamp":"2023-06-15T11:53:28.2025965+02:00"},
{"Name":"Benoit","Sender":"John","Content":"Hello! 💖😁🐨🐱‍🐉👩🏿‍👩🏻‍👦🏽 lol","Avatar":"C:\\Users\\the-g\\source\\repos\\EyeChat\\EyeChat\\bin\\Debug\\Avatar\\avataaars.png","IsAlignedRight":false,"Timestamp":"2023-06-15T11:53:28.2416313+02:00"},
{"Name":"Benoit","Sender":"John","Content":"Hello! 💖😁🐨🐱‍🐉👩🏿‍👩🏻‍👦🏽 lol","Avatar":"C:\\Users\\the-g\\source\\repos\\EyeChat\\EyeChat\\bin\\Debug\\Avatar\\avataaars.png","IsAlignedRight":true,"Timestamp":"2023-06-15T12:22:03.5806156+02:00"},
{"Name":"Benoit","Sender":"John","Content":"Hello! 💖😁🐨🐱‍🐉👩🏿‍👩🏻‍👦🏽 lol","Avatar":"C:\\Users\\the-g\\source\\repos\\EyeChat\\EyeChat\\bin\\Debug\\Avatar\\avataaars.png","IsAlignedRight":false,"Timestamp":"2023-06-15T12:22:03.6146462+02:00"},
{"Name":"Benoit","Sender":"John","Content":"Hello! 💖😁🐨🐱‍🐉👩🏿‍👩🏻‍👦🏽 lol","Avatar":"C:\\Users\\the-g\\source\\repos\\EyeChat\\EyeChat\\bin\\Debug\\Avatar\\avataaars.png","IsAlignedRight":true,"Timestamp":"2023-06-15T12:22:33.9832354+02:00"},
{"Name":"Benoit","Sender":"John","Content":"Hello! 💖😁🐨🐱‍🐉👩🏿‍👩🏻‍👦🏽 lol","Avatar":"C:\\Users\\the-g\\source\\repos\\EyeChat\\EyeChat\\bin\\Debug\\Avatar\\avataaars.png","IsAlignedRight":false,"Timestamp":"2023-06-15T12:22:34.0252744+02:00"},
{"Name":"Benoit","Sender":"John","Content":"Hello! 💖😁🐨🐱‍🐉👩🏿‍👩🏻‍👦🏽 lol","Avatar":"C:\\Users\\the-g\\source\\repos\\EyeChat\\EyeChat\\bin\\Debug\\Avatar\\avataaars.png","IsAlignedRight":true,"Timestamp":"2023-06-15T12:24:32.8765879+02:00"},
{"Name":"Benoit","Sender":"John","Content":"Hello! 💖😁🐨🐱‍🐉👩🏿‍👩🏻‍👦🏽 lol","Avatar":"C:\\Users\\the-g\\source\\repos\\EyeChat\\EyeChat\\bin\\Debug\\Avatar\\avataaars.png","IsAlignedRight":false,"Timestamp":"2023-06-15T12:24:32.9176261+02:00"},
{"Name":"Benoit","Sender":"John","Content":"Hello! 💖😁🐨🐱‍🐉👩🏿‍👩🏻‍👦🏽 lol","Avatar":"C:\\Users\\the-g\\source\\repos\\EyeChat\\EyeChat\\bin\\Debug\\Avatar\\avataaars.png","IsAlignedRight":true,"Timestamp":"2023-06-15T12:26:15.8151028+02:00"},
{"Name":"Benoit","Sender":"John","Content":"Hello! 💖😁🐨🐱‍🐉👩🏿‍👩🏻‍👦🏽 lol","Avatar":"C:\\Users\\the-g\\source\\repos\\EyeChat\\EyeChat\\bin\\Debug\\Avatar\\avataaars.png","IsAlignedRight":false,"Timestamp":"2023-06-15T12:26:15.8491331+02:00"},
{"Name":"Benoit","Sender":"John","Content":"Hello! 💖😁🐨🐱‍🐉👩🏿‍👩🏻‍👦🏽 lol","Avatar":"C:\\Users\\the-g\\source\\repos\\EyeChat\\EyeChat\\bin\\Debug\\Avatar\\avataaars.png","IsAlignedRight":true,"Timestamp":"2023-06-15T12:27:47.3495034+02:00"},
{"Name":"Benoit","Sender":"John","Content":"Hello! 💖😁🐨🐱‍🐉👩🏿‍👩🏻‍👦🏽 lol","Avatar":"C:\\Users\\the-g\\source\\repos\\EyeChat\\EyeChat\\bin\\Debug\\Avatar\\avataaars.png","IsAlignedRight":false,"Timestamp":"2023-06-15T12:27:47.3885382+02:00"},
{"Name":"Benoit","Sender":"John","Content":"Hello! 💖😁🐨🐱‍🐉👩🏿‍👩🏻‍👦🏽 lol","Avatar":"C:\\Users\\the-g\\source\\repos\\EyeChat\\EyeChat\\bin\\Debug\\Avatar\\avataaars.png","IsAlignedRight":true,"Timestamp":"2023-06-15T12:28:13.4936286+02:00"},
{"Name":"Benoit","Sender":"John","Content":"Hello! 💖😁🐨🐱‍🐉👩🏿‍👩🏻‍👦🏽 lol","Avatar":"C:\\Users\\the-g\\source\\repos\\EyeChat\\EyeChat\\bin\\Debug\\Avatar\\avataaars.png","IsAlignedRight":false,"Timestamp":"2023-06-15T12:28:13.5376659+02:00"},
{"Name":"Benoit","Sender":"John","Content":"Hello! 💖😁🐨🐱‍🐉👩🏿‍👩🏻‍👦🏽 lol","Avatar":"C:\\Users\\the-g\\source\\repos\\EyeChat\\EyeChat\\bin\\Debug\\Avatar\\avataaars.png","IsAlignedRight":true,"Timestamp":"2023-06-15T12:28:49.7833714+02:00"},
{"Name":"Benoit","Sender":"John","Content":"Hello! 💖😁🐨🐱‍🐉👩🏿‍👩🏻‍👦🏽 lol","Avatar":"C:\\Users\\the-g\\source\\repos\\EyeChat\\EyeChat\\bin\\Debug\\Avatar\\avataaars.png","IsAlignedRight":false,"Timestamp":"2023-06-15T12:28:49.8302466+02:00"},
{"Name":"Benoit","Sender":"John","Content":"Hello! 💖😁🐨🐱‍🐉👩🏿‍👩🏻‍👦🏽 lol","Avatar":"C:\\Users\\the-g\\source\\repos\\EyeChat\\EyeChat\\bin\\Debug\\Avatar\\avataaars.png","IsAlignedRight":true,"Timestamp":"2023-06-15T12:29:58.4748219+02:00"},
{"Name":"Benoit","Sender":"John","Content":"Hello! 💖😁🐨🐱‍🐉👩🏿‍👩🏻‍👦🏽 lol","Avatar":"C:\\Users\\the-g\\source\\repos\\EyeChat\\EyeChat\\bin\\Debug\\Avatar\\avataaars.png","IsAlignedRight":false,"Timestamp":"2023-06-15T12:29:58.5188612+02:00"},
{"Name":"Benoit","Sender":"John","Content":"Hello! 💖😁🐨🐱‍🐉👩🏿‍👩🏻‍👦🏽 lol","Avatar":"C:\\Users\\the-g\\source\\repos\\EyeChat\\EyeChat\\bin\\Debug\\Avatar\\avataaars.png","IsAlignedRight":true,"Timestamp":"2023-06-15T12:30:46.8858002+02:00"},
{"Name":"Benoit","Sender":"John","Content":"Hello! 💖😁🐨🐱‍🐉👩🏿‍👩🏻‍👦🏽 lol","Avatar":"C:\\Users\\the-g\\source\\repos\\EyeChat\\EyeChat\\bin\\Debug\\Avatar\\avataaars.png","IsAlignedRight":false,"Timestamp":"2023-06-15T12:30:46.923834+02:00"},
{"Name":"Benoit","Sender":"John","Content":"Hello! 💖😁🐨🐱‍🐉👩🏿‍👩🏻‍👦🏽 lol","Avatar":"C:\\Users\\the-g\\source\\repos\\EyeChat\\EyeChat\\bin\\Debug\\Avatar\\avataaars.png","IsAlignedRight":true,"Timestamp":"2023-06-15T12:31:23.5070686+02:00"},
{"Name":"Benoit","Sender":"John","Content":"Hello! 💖😁🐨🐱‍🐉👩🏿‍👩🏻‍👦🏽 lol","Avatar":"C:\\Users\\the-g\\source\\repos\\EyeChat\\EyeChat\\bin\\Debug\\Avatar\\avataaars.png","IsAlignedRight":false,"Timestamp":"2023-06-15T12:31:23.5481061+02:00"},
{"Name":"Benoit","Sender":"John","Content":"Hello! 💖😁🐨🐱‍🐉👩🏿‍👩🏻‍👦🏽 lol","Avatar":"C:\\Users\\the-g\\source\\repos\\EyeChat\\EyeChat\\bin\\Debug\\Avatar\\avataaars.png","IsAlignedRight":true,"Timestamp":"2023-06-15T12:32:32.3235857+02:00"},
{"Name":"Benoit","Sender":"John","Content":"Hello! 💖😁🐨🐱‍🐉👩🏿‍👩🏻‍👦🏽 lol","Avatar":"C:\\Users\\the-g\\source\\repos\\EyeChat\\EyeChat\\bin\\Debug\\Avatar\\avataaars.png","IsAlignedRight":false,"Timestamp":"2023-06-15T12:32:32.3616196+02:00"},
{"Name":"Benoit","Sender":"John","Content":"Hello! 💖😁🐨🐱‍🐉👩🏿‍👩🏻‍👦🏽 lol","Avatar":"C:\\Users\\the-g\\source\\repos\\EyeChat\\EyeChat\\bin\\Debug\\Avatar\\avataaars.png","IsAlignedRight":true,"Timestamp":"2023-06-15T12:32:58.1060071+02:00"},
{"Name":"Benoit","Sender":"John","Content":"Hello! 💖😁🐨🐱‍🐉👩🏿‍👩🏻‍👦🏽 lol","Avatar":"C:\\Users\\the-g\\source\\repos\\EyeChat\\EyeChat\\bin\\Debug\\Avatar\\avataaars.png","IsAlignedRight":false,"Timestamp":"2023-06-15T12:32:58.1500472+02:00"},
{"Name":"Benoit","Sender":"John","Content":"Hello! 💖😁🐨🐱‍🐉👩🏿‍👩🏻‍👦🏽 lol","Avatar":"C:\\Users\\the-g\\source\\repos\\EyeChat\\EyeChat\\bin\\Debug\\Avatar\\avataaars.png","IsAlignedRight":true,"Timestamp":"2023-06-15T12:33:35.655119+02:00"},
{"Name":"Benoit","Sender":"John","Content":"Hello! 💖😁🐨🐱‍🐉👩🏿‍👩🏻‍👦🏽 lol","Avatar":"C:\\Users\\the-g\\source\\repos\\EyeChat\\EyeChat\\bin\\Debug\\Avatar\\avataaars.png","IsAlignedRight":false,"Timestamp":"2023-06-15T12:33:35.6921522+02:00"},
{"Name":"Benoit","Sender":"John","Content":"Hello! 💖😁🐨🐱‍🐉👩🏿‍👩🏻‍👦🏽 lol","Avatar":"C:\\Users\\the-g\\source\\repos\\EyeChat\\EyeChat\\bin\\Debug\\Avatar\\avataaars.png","IsAlignedRight":true,"Timestamp":"2023-06-15T12:36:30.3688378+02:00"},
{"Name":"Benoit","Sender":"John","Content":"Hello! 💖😁🐨🐱‍🐉👩🏿‍👩🏻‍👦🏽 lol","Avatar":"C:\\Users\\the-g\\source\\repos\\EyeChat\\EyeChat\\bin\\Debug\\Avatar\\avataaars.png","IsAlignedRight":false,"Timestamp":"2023-06-15T12:36:30.4058713+02:00"},
{"Name":"Benoit","Sender":"John","Content":"Hello! 💖😁🐨🐱‍🐉👩🏿‍👩🏻‍👦🏽 lol","Avatar":"C:\\Users\\the-g\\source\\repos\\EyeChat\\EyeChat\\bin\\Debug\\Avatar\\avataaars.png","IsAlignedRight":true,"Timestamp":"2023-06-15T12:37:20.8346843+02:00"},
{"Name":"Benoit","Sender":"John","Content":"Hello! 💖😁🐨🐱‍🐉👩🏿‍👩🏻‍👦🏽 lol","Avatar":"C:\\Users\\the-g\\source\\repos\\EyeChat\\EyeChat\\bin\\Debug\\Avatar\\avataaars.png","IsAlignedRight":false,"Timestamp":"2023-06-15T12:37:20.8777236+02:00"},
{"Name":"Benoit","Sender":"John","Content":"Hello! 💖😁🐨🐱‍🐉👩🏿‍👩🏻‍👦🏽 lol","Avatar":"C:\\Users\\the-g\\source\\repos\\EyeChat\\EyeChat\\bin\\Debug\\Avatar\\avataaars.png","IsAlignedRight":true,"Timestamp":"2023-06-15T12:42:31.5304054+02:00"},
{"Name":"Benoit","Sender":"John","Content":"Hello! 💖😁🐨🐱‍🐉👩🏿‍👩🏻‍👦🏽 lol","Avatar":"C:\\Users\\the-g\\source\\repos\\EyeChat\\EyeChat\\bin\\Debug\\Avatar\\avataaars.png","IsAlignedRight":false,"Timestamp":"2023-06-15T12:42:31.5684403+02:00"},
{"Name":"Benoit","Sender":"John","Content":"Hello! 💖😁🐨🐱‍🐉👩🏿‍👩🏻‍👦🏽 lol","Avatar":"C:\\Users\\the-g\\source\\repos\\EyeChat\\EyeChat\\bin\\Debug\\Avatar\\avataaars.png","IsAlignedRight":true,"Timestamp":"2023-06-15T12:43:01.4145323+02:00"},
{"Name":"Benoit","Sender":"John","Content":"Hello! 💖😁🐨🐱‍🐉👩🏿‍👩🏻‍👦🏽 lol","Avatar":"C:\\Users\\the-g\\source\\repos\\EyeChat\\EyeChat\\bin\\Debug\\Avatar\\avataaars.png","IsAlignedRight":false,"Timestamp":"2023-06-15T12:43:01.4520726+02:00"},
{"Name":"Benoit","Sender":"John","Content":"Hello! 💖😁🐨🐱‍🐉👩🏿‍👩🏻‍👦🏽 lol","Avatar":"C:\\Users\\the-g\\source\\repos\\EyeChat\\EyeChat\\bin\\Debug\\Avatar\\avataaars.png","IsAlignedRight":true,"Timestamp":"2023-06-15T12:45:28.2489775+02:00"},
{"Name":"Benoit","Sender":"John","Content":"Hello! 💖😁🐨🐱‍🐉👩🏿‍👩🏻‍👦🏽 lol","Avatar":"C:\\Users\\the-g\\source\\repos\\EyeChat\\EyeChat\\bin\\Debug\\Avatar\\avataaars.png","IsAlignedRight":false,"Timestamp":"2023-06-15T12:45:28.2840082+02:00"},
{"Name":"Benoit","Sender":"John","Content":"Hello! 💖😁🐨🐱‍🐉👩🏿‍👩🏻‍👦🏽 lol","Avatar":"C:\\Users\\the-g\\source\\repos\\EyeChat\\EyeChat\\bin\\Debug\\Avatar\\avataaars.png","IsAlignedRight":true,"Timestamp":"2023-06-15T12:46:07.2774333+02:00"},
{"Name":"Benoit","Sender":"John","Content":"Hello! 💖😁🐨🐱‍🐉👩🏿‍👩🏻‍👦🏽 lol","Avatar":"C:\\Users\\the-g\\source\\repos\\EyeChat\\EyeChat\\bin\\Debug\\Avatar\\avataaars.png","IsAlignedRight":false,"Timestamp":"2023-06-15T12:46:07.3194716+02:00"},
{"Name":"Benoit","Sender":"John","Content":"Hello! 💖😁🐨🐱‍🐉👩🏿‍👩🏻‍👦🏽 lol","Avatar":"C:\\Users\\the-g\\source\\repos\\EyeChat\\EyeChat\\bin\\Debug\\Avatar\\avataaars.png","IsAlignedRight":true,"Timestamp":"2023-06-15T12:47:20.0486296+02:00"},
{"Name":"Benoit","Sender":"John","Content":"Hello! 💖😁🐨🐱‍🐉👩🏿‍👩🏻‍👦🏽 lol","Avatar":"C:\\Users\\the-g\\source\\repos\\EyeChat\\EyeChat\\bin\\Debug\\Avatar\\avataaars.png","IsAlignedRight":false,"Timestamp":"2023-06-15T12:47:20.0896669+02:00"},
{"Name":"Benoit","Sender":"John","Content":"Hello! 💖😁🐨🐱‍🐉👩🏿‍👩🏻‍👦🏽 lol","Avatar":"C:\\Users\\the-g\\source\\repos\\EyeChat\\EyeChat\\bin\\Debug\\Avatar\\avataaars.png","IsAlignedRight":true,"Timestamp":"2023-06-15T12:47:38.6886221+02:00"},
{"Name":"Benoit","Sender":"John","Content":"Hello! 💖😁🐨🐱‍🐉👩🏿‍👩🏻‍👦🏽 lol","Avatar":"C:\\Users\\the-g\\source\\repos\\EyeChat\\EyeChat\\bin\\Debug\\Avatar\\avataaars.png","IsAlignedRight":false,"Timestamp":"2023-06-15T12:47:38.7276579+02:00"},
{"Name":"Benoit","Sender":"John","Content":"Hello! 💖😁🐨🐱‍🐉👩🏿‍👩🏻‍👦🏽 lol","Avatar":"C:\\Users\\the-g\\source\\repos\\EyeChat\\EyeChat\\bin\\Debug\\Avatar\\avataaars.png","IsAlignedRight":true,"Timestamp":"2023-06-15T12:48:23.5610648+02:00"},
{"Name":"Benoit","Sender":"John","Content":"Hello! 💖😁🐨🐱‍🐉👩🏿‍👩🏻‍👦🏽 lol","Avatar":"C:\\Users\\the-g\\source\\repos\\EyeChat\\EyeChat\\bin\\Debug\\Avatar\\avataaars.png","IsAlignedRight":false,"Timestamp":"2023-06-15T12:48:23.6056132+02:00"},
{"Name":"Benoit","Sender":"John","Content":"Hello! 💖😁🐨🐱‍🐉👩🏿‍👩🏻‍👦🏽 lol","Avatar":"C:\\Users\\the-g\\source\\repos\\EyeChat\\EyeChat\\bin\\Debug\\Avatar\\avataaars.png","IsAlignedRight":true,"Timestamp":"2023-06-15T13:04:39.4121502+02:00"},
{"Name":"Benoit","Sender":"John","Content":"Hello! 💖😁🐨🐱‍🐉👩🏿‍👩🏻‍👦🏽 lol","Avatar":"C:\\Users\\the-g\\source\\repos\\EyeChat\\EyeChat\\bin\\Debug\\Avatar\\avataaars.png","IsAlignedRight":false,"Timestamp":"2023-06-15T13:04:39.4456854+02:00"},
{"Name":"Benoit","Sender":"John","Content":"Hello! 💖😁🐨🐱‍🐉👩🏿‍👩🏻‍👦🏽 lol","Avatar":"C:\\Users\\the-g\\source\\repos\\EyeChat\\EyeChat\\bin\\Debug\\Avatar\\avataaars.png","IsAlignedRight":true,"Timestamp":"2023-06-15T13:07:17.2235031+02:00"},
{"Name":"Benoit","Sender":"John","Content":"Hello! 💖😁🐨🐱‍🐉👩🏿‍👩🏻‍👦🏽 lol","Avatar":"C:\\Users\\the-g\\source\\repos\\EyeChat\\EyeChat\\bin\\Debug\\Avatar\\avataaars.png","IsAlignedRight":false,"Timestamp":"2023-06-15T13:07:17.2585353+02:00"},
{"Name":"Benoit","Sender":"John","Content":"Hello! 💖😁🐨🐱‍🐉👩🏿‍👩🏻‍👦🏽 lol","Avatar":"C:\\Users\\the-g\\source\\repos\\EyeChat\\EyeChat\\bin\\Debug\\Avatar\\avataaars.png","IsAlignedRight":true,"Timestamp":"2023-06-15T13:08:30.259854+02:00"},
{"Name":"Benoit","Sender":"John","Content":"Hello! 💖😁🐨🐱‍🐉👩🏿‍👩🏻‍👦🏽 lol","Avatar":"C:\\Users\\the-g\\source\\repos\\EyeChat\\EyeChat\\bin\\Debug\\Avatar\\avataaars.png","IsAlignedRight":false,"Timestamp":"2023-06-15T13:08:30.2968873+02:00"},
{"Name":"Benoit","Sender":"John","Content":"Hello! 💖😁🐨🐱‍🐉👩🏿‍👩🏻‍👦🏽 lol","Avatar":"C:\\Users\\the-g\\source\\repos\\EyeChat\\EyeChat\\bin\\Debug\\Avatar\\avataaars.png","IsAlignedRight":true,"Timestamp":"2023-06-15T13:12:05.491381+02:00"},
{"Name":"Benoit","Sender":"John","Content":"Hello! 💖😁🐨🐱‍🐉👩🏿‍👩🏻‍👦🏽 lol","Avatar":"C:\\Users\\the-g\\source\\repos\\EyeChat\\EyeChat\\bin\\Debug\\Avatar\\avataaars.png","IsAlignedRight":false,"Timestamp":"2023-06-15T13:12:05.5344201+02:00"},
{"Name":"Benoit","Sender":"John","Content":"Hello! 💖😁🐨🐱‍🐉👩🏿‍👩🏻‍👦🏽 lol","Avatar":"C:\\Users\\the-g\\source\\repos\\EyeChat\\EyeChat\\bin\\Debug\\Avatar\\avataaars.png","IsAlignedRight":true,"Timestamp":"2023-06-15T13:22:31.293848+02:00"},
{"Name":"Benoit","Sender":"John","Content":"Hello! 💖😁🐨🐱‍🐉👩🏿‍👩🏻‍👦🏽 lol","Avatar":"C:\\Users\\the-g\\source\\repos\\EyeChat\\EyeChat\\bin\\Debug\\Avatar\\avataaars.png","IsAlignedRight":false,"Timestamp":"2023-06-15T13:22:31.3298796+02:00"},
{"Name":"Benoit","Sender":"John","Content":"Hello! 💖😁🐨🐱‍🐉👩🏿‍👩🏻‍👦🏽 lol","Avatar":"C:\\Users\\the-g\\source\\repos\\EyeChat\\EyeChat\\bin\\Debug\\Avatar\\avataaars.png","IsAlignedRight":true,"Timestamp":"2023-06-15T13:24:31.9297667+02:00"},
{"Name":"Benoit","Sender":"John","Content":"Hello! 💖😁🐨🐱‍🐉👩🏿‍👩🏻‍👦🏽 lol","Avatar":"C:\\Users\\the-g\\source\\repos\\EyeChat\\EyeChat\\bin\\Debug\\Avatar\\avataaars.png","IsAlignedRight":false,"Timestamp":"2023-06-15T13:24:31.9647984+02:00"},
{"Name":"Benoit","Sender":"John","Content":"Hello! 💖😁🐨🐱‍🐉👩🏿‍👩🏻‍👦🏽 lol","Avatar":"C:\\Users\\the-g\\source\\repos\\EyeChat\\EyeChat\\bin\\Debug\\Avatar\\avataaars.png","IsAlignedRight":true,"Timestamp":"2023-06-15T16:07:40.90674+02:00"},
{"Name":"Benoit","Sender":"John","Content":"Hello! 💖😁🐨🐱‍🐉👩🏿‍👩🏻‍👦🏽 lol","Avatar":"C:\\Users\\the-g\\source\\repos\\EyeChat\\EyeChat\\bin\\Debug\\Avatar\\avataaars.png","IsAlignedRight":false,"Timestamp":"2023-06-15T16:07:40.9472832+02:00"},
{"Name":"Benoit","Sender":"John","Content":"Hello! 💖😁🐨🐱‍🐉👩🏿‍👩🏻‍👦🏽 lol","Avatar":"C:\\Users\\the-g\\source\\repos\\EyeChat\\EyeChat\\bin\\Debug\\Avatar\\avataaars.png","IsAlignedRight":true,"Timestamp":"2023-06-15T16:09:51.8774391+02:00"},
{"Name":"Benoit","Sender":"John","Content":"Hello! 💖😁🐨🐱‍🐉👩🏿‍👩🏻‍👦🏽 lol","Avatar":"C:\\Users\\the-g\\source\\repos\\EyeChat\\EyeChat\\bin\\Debug\\Avatar\\avataaars.png","IsAlignedRight":false,"Timestamp":"2023-06-15T16:09:51.914473+02:00"},
{"Name":"Benoit","Sender":"John","Content":"Hello! 💖😁🐨🐱‍🐉👩🏿‍👩🏻‍👦🏽 lol","Avatar":"C:\\Users\\the-g\\source\\repos\\EyeChat\\EyeChat\\bin\\Debug\\Avatar\\avataaars.png","IsAlignedRight":true,"Timestamp":"2023-06-15T16:11:09.3281033+02:00"},
{"Name":"Benoit","Sender":"John","Content":"Hello! 💖😁🐨🐱‍🐉👩🏿‍👩🏻‍👦🏽 lol","Avatar":"C:\\Users\\the-g\\source\\repos\\EyeChat\\EyeChat\\bin\\Debug\\Avatar\\avataaars.png","IsAlignedRight":false,"Timestamp":"2023-06-15T16:11:09.3601347+02:00"},
{"Name":"Benoit","Sender":"John","Content":"Hello! 💖😁🐨🐱‍🐉👩🏿‍👩🏻‍👦🏽 lol","Avatar":"C:\\Users\\the-g\\source\\repos\\EyeChat\\EyeChat\\bin\\Debug\\Avatar\\avataaars.png","IsAlignedRight":true,"Timestamp":"2023-06-15T16:11:30.8957665+02:00"},
{"Name":"Benoit","Sender":"John","Content":"Hello! 💖😁🐨🐱‍🐉👩🏿‍👩🏻‍👦🏽 lol","Avatar":"C:\\Users\\the-g\\source\\repos\\EyeChat\\EyeChat\\bin\\Debug\\Avatar\\avataaars.png","IsAlignedRight":false,"Timestamp":"2023-06-15T16:11:30.9298003+02:00"},
{"Name":"Benoit","Sender":"John","Content":"Hello! 💖😁🐨🐱‍🐉👩🏿‍👩🏻‍👦🏽 lol","Avatar":"C:\\Users\\the-g\\source\\repos\\EyeChat\\EyeChat\\bin\\Debug\\Avatar\\avataaars.png","IsAlignedRight":true,"Timestamp":"2023-06-15T16:12:35.2393379+02:00"},
{"Name":"Benoit","Sender":"John","Content":"Hello! 💖😁🐨🐱‍🐉👩🏿‍👩🏻‍👦🏽 lol","Avatar":"C:\\Users\\the-g\\source\\repos\\EyeChat\\EyeChat\\bin\\Debug\\Avatar\\avataaars.png","IsAlignedRight":false,"Timestamp":"2023-06-15T16:12:35.2768764+02:00"},
{"Name":"Benoit","Sender":"John","Content":"Hello! 💖😁🐨🐱‍🐉👩🏿‍👩🏻‍👦🏽 lol","Avatar":"C:\\Users\\the-g\\source\\repos\\EyeChat\\EyeChat\\bin\\Debug\\Avatar\\avataaars.png","IsAlignedRight":true,"Timestamp":"2023-06-15T16:14:10.3098001+02:00"},
{"Name":"Benoit","Sender":"John","Content":"Hello! 💖😁🐨🐱‍🐉👩🏿‍👩🏻‍👦🏽 lol","Avatar":"C:\\Users\\the-g\\source\\repos\\EyeChat\\EyeChat\\bin\\Debug\\Avatar\\avataaars.png","IsAlignedRight":false,"Timestamp":"2023-06-15T16:14:10.3553482+02:00"},
{"Name":"Benoit","Sender":"John","Content":"Hello! 💖😁🐨🐱‍🐉👩🏿‍👩🏻‍👦🏽 lol","Avatar":"C:\\Users\\the-g\\source\\repos\\EyeChat\\EyeChat\\bin\\Debug\\Avatar\\avataaars.png","IsAlignedRight":true,"Timestamp":"2023-06-15T16:15:17.3936497+02:00"},
{"Name":"Benoit","Sender":"John","Content":"Hello! 💖😁🐨🐱‍🐉👩🏿‍👩🏻‍👦🏽 lol","Avatar":"C:\\Users\\the-g\\source\\repos\\EyeChat\\EyeChat\\bin\\Debug\\Avatar\\avataaars.png","IsAlignedRight":false,"Timestamp":"2023-06-15T16:15:17.4281864+02:00"},
{"Name":"Benoit","Sender":"John","Content":"Hello! 💖😁🐨🐱‍🐉👩🏿‍👩🏻‍👦🏽 lol","Avatar":"C:\\Users\\the-g\\source\\repos\\EyeChat\\EyeChat\\bin\\Debug\\Avatar\\avataaars.png","IsAlignedRight":true,"Timestamp":"2023-06-15T16:16:08.4904684+02:00"},
{"Name":"Benoit","Sender":"John","Content":"Hello! 💖😁🐨🐱‍🐉👩🏿‍👩🏻‍👦🏽 lol","Avatar":"C:\\Users\\the-g\\source\\repos\\EyeChat\\EyeChat\\bin\\Debug\\Avatar\\avataaars.png","IsAlignedRight":false,"Timestamp":"2023-06-15T16:16:08.5244984+02:00"},
{"Name":"Benoit","Sender":"John","Content":"Hello! 💖😁🐨🐱‍🐉👩🏿‍👩🏻‍👦🏽 lol","Avatar":"C:\\Users\\the-g\\source\\repos\\EyeChat\\EyeChat\\bin\\Debug\\Avatar\\avataaars.png","IsAlignedRight":true,"Timestamp":"2023-06-15T16:16:54.3126727+02:00"},
{"Name":"Benoit","Sender":"John","Content":"Hello! 💖😁🐨🐱‍🐉👩🏿‍👩🏻‍👦🏽 lol","Avatar":"C:\\Users\\the-g\\source\\repos\\EyeChat\\EyeChat\\bin\\Debug\\Avatar\\avataaars.png","IsAlignedRight":false,"Timestamp":"2023-06-15T16:16:54.3542165+02:00"},
{"Name":"Benoit","Sender":"John","Content":"Hello! 💖😁🐨🐱‍🐉👩🏿‍👩🏻‍👦🏽 lol","Avatar":"C:\\Users\\the-g\\source\\repos\\EyeChat\\EyeChat\\bin\\Debug\\Avatar\\avataaars.png","IsAlignedRight":true,"Timestamp":"2023-06-15T16:21:13.3824777+02:00"},
{"Name":"Benoit","Sender":"John","Content":"Hello! 💖😁🐨🐱‍🐉👩🏿‍👩🏻‍👦🏽 lol","Avatar":"C:\\Users\\the-g\\source\\repos\\EyeChat\\EyeChat\\bin\\Debug\\Avatar\\avataaars.png","IsAlignedRight":false,"Timestamp":"2023-06-15T16:21:13.4315222+02:00"},
{"Name":"Benoit","Sender":"John","Content":"Hello! 💖😁🐨🐱‍🐉👩🏿‍👩🏻‍👦🏽 lol","Avatar":"C:\\Users\\the-g\\source\\repos\\EyeChat\\EyeChat\\bin\\Debug\\Avatar\\avataaars.png","IsAlignedRight":true,"Timestamp":"2023-06-15T16:21:38.0677741+02:00"},
{"Name":"Benoit","Sender":"John","Content":"Hello! 💖😁🐨🐱‍🐉👩🏿‍👩🏻‍👦🏽 lol","Avatar":"C:\\Users\\the-g\\source\\repos\\EyeChat\\EyeChat\\bin\\Debug\\Avatar\\avataaars.png","IsAlignedRight":false,"Timestamp":"2023-06-15T16:21:38.1043114+02:00"},
{"Name":"Benoit","Sender":"John","Content":"Hello! 💖😁🐨🐱‍🐉👩🏿‍👩🏻‍👦🏽 lol","Avatar":"C:\\Users\\the-g\\source\\repos\\EyeChat\\EyeChat\\bin\\Debug\\Avatar\\avataaars.png","IsAlignedRight":true,"Timestamp":"2023-06-15T16:22:52.7901832+02:00"},
{"Name":"Benoit","Sender":"John","Content":"Hello! 💖😁🐨🐱‍🐉👩🏿‍👩🏻‍👦🏽 lol","Avatar":"C:\\Users\\the-g\\source\\repos\\EyeChat\\EyeChat\\bin\\Debug\\Avatar\\avataaars.png","IsAlignedRight":false,"Timestamp":"2023-06-15T16:22:52.8282164+02:00"},
{"Name":"Benoit","Sender":"John","Content":"Hello! 💖😁🐨🐱‍🐉👩🏿‍👩🏻‍👦🏽 lol","Avatar":"C:\\Users\\the-g\\source\\repos\\EyeChat\\EyeChat\\bin\\Debug\\Avatar\\avataaars.png","IsAlignedRight":true,"Timestamp":"2023-06-15T16:23:17.8474828+02:00"},
{"Name":"Benoit","Sender":"John","Content":"Hello! 💖😁🐨🐱‍🐉👩🏿‍👩🏻‍👦🏽 lol","Avatar":"C:\\Users\\the-g\\source\\repos\\EyeChat\\EyeChat\\bin\\Debug\\Avatar\\avataaars.png","IsAlignedRight":false,"Timestamp":"2023-06-15T16:23:17.8938096+02:00"},
{"Name":"Benoit","Sender":"John","Content":"Hello! 💖😁🐨🐱‍🐉👩🏿‍👩🏻‍👦🏽 lol","Avatar":"C:\\Users\\the-g\\source\\repos\\EyeChat\\EyeChat\\bin\\Debug\\Avatar\\avataaars.png","IsAlignedRight":true,"Timestamp":"2023-06-15T16:23:45.1868999+02:00"},
{"Name":"Benoit","Sender":"John","Content":"Hello! 💖😁🐨🐱‍🐉👩🏿‍👩🏻‍👦🏽 lol","Avatar":"C:\\Users\\the-g\\source\\repos\\EyeChat\\EyeChat\\bin\\Debug\\Avatar\\avataaars.png","IsAlignedRight":false,"Timestamp":"2023-06-15T16:23:45.23045+02:00"},
{"Name":"Benoit","Sender":"John","Content":"Hello! 💖😁🐨🐱‍🐉👩🏿‍👩🏻‍👦🏽 lol","Avatar":"C:\\Users\\the-g\\source\\repos\\EyeChat\\EyeChat\\bin\\Debug\\Avatar\\avataaars.png","IsAlignedRight":true,"Timestamp":"2023-06-15T16:24:08.240365+02:00"},
{"Name":"Benoit","Sender":"John","Content":"Hello! 💖😁🐨🐱‍🐉👩🏿‍👩🏻‍👦🏽 lol","Avatar":"C:\\Users\\the-g\\source\\repos\\EyeChat\\EyeChat\\bin\\Debug\\Avatar\\avataaars.png","IsAlignedRight":false,"Timestamp":"2023-06-15T16:24:08.2814026+02:00"},
{"Name":"Benoit","Sender":"John","Content":"Hello! 💖😁🐨🐱‍🐉👩🏿‍👩🏻‍👦🏽 lol","Avatar":"C:\\Users\\the-g\\source\\repos\\EyeChat\\EyeChat\\bin\\Debug\\Avatar\\avataaars.png","IsAlignedRight":true,"Timestamp":"2023-06-15T16:35:48.2933726+02:00"},
{"Name":"Benoit","Sender":"John","Content":"Hello! 💖😁🐨🐱‍🐉👩🏿‍👩🏻‍👦🏽 lol","Avatar":"C:\\Users\\the-g\\source\\repos\\EyeChat\\EyeChat\\bin\\Debug\\Avatar\\avataaars.png","IsAlignedRight":false,"Timestamp":"2023-06-15T16:35:48.3304054+02:00"},
{"Name":"Benoit","Sender":"John","Content":"Hello! 💖😁🐨🐱‍🐉👩🏿‍👩🏻‍👦🏽 lol","Avatar":"C:\\Users\\the-g\\source\\repos\\EyeChat\\EyeChat\\bin\\Debug\\Avatar\\avataaars.png","IsAlignedRight":true,"Timestamp":"2023-06-15T16:38:40.1965389+02:00"},
{"Name":"Benoit","Sender":"John","Content":"Hello! 💖😁🐨🐱‍🐉👩🏿‍👩🏻‍👦🏽 lol","Avatar":"C:\\Users\\the-g\\source\\repos\\EyeChat\\EyeChat\\bin\\Debug\\Avatar\\avataaars.png","IsAlignedRight":false,"Timestamp":"2023-06-15T16:38:40.2315702+02:00"},
{"Name":"Benoit","Sender":"John","Content":"Hello! 💖😁🐨🐱‍🐉👩🏿‍👩🏻‍👦🏽 lol","Avatar":"C:\\Users\\the-g\\source\\repos\\EyeChat\\EyeChat\\bin\\Debug\\Avatar\\avataaars.png","IsAlignedRight":true,"Timestamp":"2023-06-15T16:40:53.9100108+02:00"},
{"Name":"Benoit","Sender":"John","Content":"Hello! 💖😁🐨🐱‍🐉👩🏿‍👩🏻‍👦🏽 lol","Avatar":"C:\\Users\\the-g\\source\\repos\\EyeChat\\EyeChat\\bin\\Debug\\Avatar\\avataaars.png","IsAlignedRight":false,"Timestamp":"2023-06-15T16:40:53.9530495+02:00"},
{"Name":"Benoit","Sender":"John","Content":"Hello! 💖😁🐨🐱‍🐉👩🏿‍👩🏻‍👦🏽 lol","Avatar":"C:\\Users\\the-g\\source\\repos\\EyeChat\\EyeChat\\bin\\Debug\\Avatar\\avataaars.png","IsAlignedRight":true,"Timestamp":"2023-06-15T16:42:28.6010338+02:00"},
{"Name":"Benoit","Sender":"John","Content":"Hello! 💖😁🐨🐱‍🐉👩🏿‍👩🏻‍👦🏽 lol","Avatar":"C:\\Users\\the-g\\source\\repos\\EyeChat\\EyeChat\\bin\\Debug\\Avatar\\avataaars.png","IsAlignedRight":false,"Timestamp":"2023-06-15T16:42:28.6410689+02:00"},
{"Name":"Benoit","Sender":"John","Content":"Hello! 💖😁🐨🐱‍🐉👩🏿‍👩🏻‍👦🏽 lol","Avatar":"C:\\Users\\the-g\\source\\repos\\EyeChat\\EyeChat\\bin\\Debug\\Avatar\\avataaars.png","IsAlignedRight":true,"Timestamp":"2023-06-15T16:43:36.7584537+02:00"},
{"Name":"Benoit","Sender":"John","Content":"Hello! 💖😁🐨🐱‍🐉👩🏿‍👩🏻‍👦🏽 lol","Avatar":"C:\\Users\\the-g\\source\\repos\\EyeChat\\EyeChat\\bin\\Debug\\Avatar\\avataaars.png","IsAlignedRight":false,"Timestamp":"2023-06-15T16:43:36.7984899+02:00"},
{"Name":"Benoit","Sender":"John","Content":"Hello! 💖😁🐨🐱‍🐉👩🏿‍👩🏻‍👦🏽 lol","Avatar":"C:\\Users\\the-g\\source\\repos\\EyeChat\\EyeChat\\bin\\Debug\\Avatar\\avataaars.png","IsAlignedRight":true,"Timestamp":"2023-06-15T16:44:39.2432215+02:00"},
{"Name":"Benoit","Sender":"John","Content":"Hello! 💖😁🐨🐱‍🐉👩🏿‍👩🏻‍👦🏽 lol","Avatar":"C:\\Users\\the-g\\source\\repos\\EyeChat\\EyeChat\\bin\\Debug\\Avatar\\avataaars.png","IsAlignedRight":false,"Timestamp":"2023-06-15T16:44:39.2782511+02:00"},
{"Name":"Benoit","Sender":"John","Content":"Hello! 💖😁🐨🐱‍🐉👩🏿‍👩🏻‍👦🏽 lol","Avatar":"C:\\Users\\the-g\\source\\repos\\EyeChat\\EyeChat\\bin\\Debug\\Avatar\\avataaars.png","IsAlignedRight":true,"Timestamp":"2023-06-15T16:50:07.3919303+02:00"},
{"Name":"Benoit","Sender":"John","Content":"Hello! 💖😁🐨🐱‍🐉👩🏿‍👩🏻‍👦🏽 lol","Avatar":"C:\\Users\\the-g\\source\\repos\\EyeChat\\EyeChat\\bin\\Debug\\Avatar\\avataaars.png","IsAlignedRight":false,"Timestamp":"2023-06-15T16:50:07.4364789+02:00"},
{"Name":"Benoit","Sender":"John","Content":"Hello! 💖😁🐨🐱‍🐉👩🏿‍👩🏻‍👦🏽 lol","Avatar":"C:\\Users\\the-g\\source\\repos\\EyeChat\\EyeChat\\bin\\Debug\\Avatar\\avataaars.png","IsAlignedRight":true,"Timestamp":"2023-06-15T16:52:22.0785739+02:00"},
{"Name":"Benoit","Sender":"John","Content":"Hello! 💖😁🐨🐱‍🐉👩🏿‍👩🏻‍👦🏽 lol","Avatar":"C:\\Users\\the-g\\source\\repos\\EyeChat\\EyeChat\\bin\\Debug\\Avatar\\avataaars.png","IsAlignedRight":false,"Timestamp":"2023-06-15T16:52:22.1226129+02:00"},
{"Name":"Benoit","Sender":"John","Content":"Hello! 💖😁🐨🐱‍🐉👩🏿‍👩🏻‍👦🏽 lol","Avatar":"C:\\Users\\the-g\\source\\repos\\EyeChat\\EyeChat\\bin\\Debug\\Avatar\\avataaars.png","IsAlignedRight":true,"Timestamp":"2023-06-15T16:55:31.9760599+02:00"},
{"Name":"Benoit","Sender":"John","Content":"Hello! 💖😁🐨🐱‍🐉👩🏿‍👩🏻‍👦🏽 lol","Avatar":"C:\\Users\\the-g\\source\\repos\\EyeChat\\EyeChat\\bin\\Debug\\Avatar\\avataaars.png","IsAlignedRight":false,"Timestamp":"2023-06-15T16:55:32.0100908+02:00"},
{"Name":"Benoit","Sender":"John","Content":"Hello! 💖😁🐨🐱‍🐉👩🏿‍👩🏻‍👦🏽 lol","Avatar":"C:\\Users\\the-g\\source\\repos\\EyeChat\\EyeChat\\bin\\Debug\\Avatar\\avataaars.png","IsAlignedRight":true,"Timestamp":"2023-06-15T17:18:27.5665551+02:00"},
{"Name":"Benoit","Sender":"John","Content":"Hello! 💖😁🐨🐱‍🐉👩🏿‍👩🏻‍👦🏽 lol","Avatar":"C:\\Users\\the-g\\source\\repos\\EyeChat\\EyeChat\\bin\\Debug\\Avatar\\avataaars.png","IsAlignedRight":false,"Timestamp":"2023-06-15T17:18:27.6015876+02:00"},
{"Name":"Benoit","Sender":"John","Content":"Hello! 💖😁🐨🐱‍🐉👩🏿‍👩🏻‍👦🏽 lol","Avatar":"C:\\Users\\the-g\\source\\repos\\EyeChat\\EyeChat\\bin\\Debug\\Avatar\\avataaars.png","IsAlignedRight":true,"Timestamp":"2023-06-15T17:22:34.8381483+02:00"},
{"Name":"Benoit","Sender":"John","Content":"Hello! 💖😁🐨🐱‍🐉👩🏿‍👩🏻‍👦🏽 lol","Avatar":"C:\\Users\\the-g\\source\\repos\\EyeChat\\EyeChat\\bin\\Debug\\Avatar\\avataaars.png","IsAlignedRight":false,"Timestamp":"2023-06-15T17:22:34.8751826+02:00"},
{"Name":"Benoit","Sender":"John","Content":"Hello! 💖😁🐨🐱‍🐉👩🏿‍👩🏻‍👦🏽 lol","Avatar":"C:\\Users\\the-g\\source\\repos\\EyeChat\\EyeChat\\bin\\Debug\\Avatar\\avataaars.png","IsAlignedRight":true,"Timestamp":"2023-06-15T17:23:24.1529018+02:00"},
{"Name":"Benoit","Sender":"John","Content":"Hello! 💖😁🐨🐱‍🐉👩🏿‍👩🏻‍👦🏽 lol","Avatar":"C:\\Users\\the-g\\source\\repos\\EyeChat\\EyeChat\\bin\\Debug\\Avatar\\avataaars.png","IsAlignedRight":false,"Timestamp":"2023-06-15T17:23:24.1909381+02:00"},
{"Name":"Benoit","Sender":"John","Content":"Hello! 💖😁🐨🐱‍🐉👩🏿‍👩🏻‍👦🏽 lol","Avatar":"C:\\Users\\the-g\\source\\repos\\EyeChat\\EyeChat\\bin\\Debug\\Avatar\\avataaars.png","IsAlignedRight":true,"Timestamp":"2023-06-15T17:36:58.0387722+02:00"},
{"Name":"Benoit","Sender":"John","Content":"Hello! 💖😁🐨🐱‍🐉👩🏿‍👩🏻‍👦🏽 lol","Avatar":"C:\\Users\\the-g\\source\\repos\\EyeChat\\EyeChat\\bin\\Debug\\Avatar\\avataaars.png","IsAlignedRight":false,"Timestamp":"2023-06-15T17:36:58.07981+02:00"},
{"Name":"Benoit","Sender":"John","Content":"Hello! 💖😁🐨🐱‍🐉👩🏿‍👩🏻‍👦🏽 lol","Avatar":"C:\\Users\\the-g\\source\\repos\\EyeChat\\EyeChat\\bin\\Debug\\Avatar\\avataaars.png","IsAlignedRight":true,"Timestamp":"2023-06-15T17:41:00.5445275+02:00"},
{"Name":"Benoit","Sender":"John","Content":"Hello! 💖😁🐨🐱‍🐉👩🏿‍👩🏻‍👦🏽 lol","Avatar":"C:\\Users\\the-g\\source\\repos\\EyeChat\\EyeChat\\bin\\Debug\\Avatar\\avataaars.png","IsAlignedRight":false,"Timestamp":"2023-06-15T17:41:00.5865651+02:00"},
{"Name":"Benoit","Sender":"John","Content":"Hello! 💖😁🐨🐱‍🐉👩🏿‍👩🏻‍👦🏽 lol","Avatar":"C:\\Users\\the-g\\source\\repos\\EyeChat\\EyeChat\\bin\\Debug\\Avatar\\avataaars.png","IsAlignedRight":true,"Timestamp":"2023-06-15T17:45:17.027788+02:00"},
{"Name":"Benoit","Sender":"John","Content":"Hello! 💖😁🐨🐱‍🐉👩🏿‍👩🏻‍👦🏽 lol","Avatar":"C:\\Users\\the-g\\source\\repos\\EyeChat\\EyeChat\\bin\\Debug\\Avatar\\avataaars.png","IsAlignedRight":false,"Timestamp":"2023-06-15T17:45:17.0628199+02:00"},
{"Name":"Benoit","Sender":"John","Content":"Hello! 💖😁🐨🐱‍🐉👩🏿‍👩🏻‍👦🏽 lol","Avatar":"C:\\Users\\the-g\\source\\repos\\EyeChat\\EyeChat\\bin\\Debug\\Avatar\\avataaars.png","IsAlignedRight":true,"Timestamp":"2023-06-15T18:55:46.2499251+02:00"},
{"Name":"Benoit","Sender":"John","Content":"Hello! 💖😁🐨🐱‍🐉👩🏿‍👩🏻‍👦🏽 lol","Avatar":"C:\\Users\\the-g\\source\\repos\\EyeChat\\EyeChat\\bin\\Debug\\Avatar\\avataaars.png","IsAlignedRight":false,"Timestamp":"2023-06-15T18:55:46.2909637+02:00"},
{"Name":"Benoit","Sender":"John","Content":"Hello! 💖😁🐨🐱‍🐉👩🏿‍👩🏻‍👦🏽 lol","Avatar":"C:\\Users\\the-g\\source\\repos\\EyeChat\\EyeChat\\bin\\Debug\\Avatar\\avataaars.png","IsAlignedRight":true,"Timestamp":"2023-06-15T18:58:59.1010216+02:00"},
{"Name":"Benoit","Sender":"John","Content":"Hello! 💖😁🐨🐱‍🐉👩🏿‍👩🏻‍👦🏽 lol","Avatar":"C:\\Users\\the-g\\source\\repos\\EyeChat\\EyeChat\\bin\\Debug\\Avatar\\avataaars.png","IsAlignedRight":false,"Timestamp":"2023-06-15T18:58:59.1360532+02:00"},
{"Name":"Benoit","Sender":"John","Content":"Hello! 💖😁🐨🐱‍🐉👩🏿‍👩🏻‍👦🏽 lol","Avatar":"C:\\Users\\the-g\\source\\repos\\EyeChat\\EyeChat\\bin\\Debug\\Avatar\\avataaars.png","IsAlignedRight":true,"Timestamp":"2023-06-15T19:00:13.778864+02:00"},
{"Name":"Benoit","Sender":"John","Content":"Hello! 💖😁🐨🐱‍🐉👩🏿‍👩🏻‍👦🏽 lol","Avatar":"C:\\Users\\the-g\\source\\repos\\EyeChat\\EyeChat\\bin\\Debug\\Avatar\\avataaars.png","IsAlignedRight":false,"Timestamp":"2023-06-15T19:00:13.8178989+02:00"}]