﻿<?xml version="1.0"?>
<doc>
<assembly>
<name>
EyeChat
</name>
</assembly>
<members>
<member name="T:EyeChat.My.MyWpfExtension">
 <summary>
 Module utilisé pour définir les propriétés qui sont disponibles dans l'espace de noms My pour WPF
 </summary>
 <remarks></remarks>
</member>
<member name="P:EyeChat.My.MyWpfExtension.Application">
 <summary>
 Retourne l'objet application pour l'application en cours d'exécution
 </summary>
</member>
<member name="P:EyeChat.My.MyWpfExtension.Computer">
 <summary>
 Retourne les informations relatives à l'ordinateur hôte.
 </summary>
</member>
<member name="P:EyeChat.My.MyWpfExtension.User">
 <summary>
 Retourne les informations relatives à l'utilisateur actuel.  Si vous souhaitez exécuter l'application avec les 
 informations d'identification de l'utilisateur Windows, appelez My.User.InitializeWithWindowsUser().
 </summary>
</member>
<member name="P:EyeChat.My.MyWpfExtension.Log">
 <summary>
 Retourne le journal des applications. L'écouteur peut être configuré par le fichier de configuration de l'application.
 </summary>
</member>
<member name="P:EyeChat.My.MyWpfExtension.Windows">
 <summary>
 Retourne la collection de fenêtres définie dans le projet.
 </summary>
</member>
<member name="T:EyeChat.My.Resources.Resources">
<summary>
  A strongly-typed resource class, for looking up localized strings, etc.
</summary>
</member>
<member name="P:EyeChat.My.Resources.Resources.ResourceManager">
<summary>
  Returns the cached ResourceManager instance used by this class.
</summary>
</member>
<member name="P:EyeChat.My.Resources.Resources.Culture">
<summary>
  Overrides the current thread's CurrentUICulture property for all
  resource lookups using this strongly typed resource class.
</summary>
</member>
<member name="T:EyeChat.MessageBubbleCtrl">
<summary>
MessageBubbleCtrl
</summary>
</member>
<member name="M:EyeChat.MessageBubbleCtrl.InitializeComponent">
<summary>
InitializeComponent
</summary>
</member>
<member name="T:EyeChat.MessageListBubbleCtrl">
<summary>
MessageListBubbleCtrl
</summary>
</member>
<member name="M:EyeChat.MessageListBubbleCtrl.InitializeComponent">
<summary>
InitializeComponent
</summary>
</member>
<member name="T:EyeChat.PatientBubbleCtrl">
<summary>
PatientBubbleCtrl
</summary>
</member>
<member name="M:EyeChat.PatientBubbleCtrl.InitializeComponent">
<summary>
InitializeComponent
</summary>
</member>
<member name="T:EyeChat.UsersBubbleCtrl">
<summary>
UsersBubbleCtrl
</summary>
</member>
<member name="M:EyeChat.UsersBubbleCtrl.InitializeComponent">
<summary>
InitializeComponent
</summary>
</member>
<member name="T:EyeChat.Application">
<summary>
Application
</summary>
</member>
<member name="M:EyeChat.Application.InitializeComponent">
<summary>
InitializeComponent
</summary>
</member>
<member name="M:EyeChat.Application.Main">
<summary>
Application Entry Point.
</summary>
</member>
<member name="T:EyeChat.GithubWindows">
<summary>
GithubWindows
</summary>
</member>
<member name="M:EyeChat.GithubWindows.InitializeComponent">
<summary>
InitializeComponent
</summary>
</member>
<member name="T:EyeChat.SettingsWindows">
<summary>
SettingsWindows
</summary>
</member>
<member name="M:EyeChat.SettingsWindows.InitializeComponent">
<summary>
InitializeComponent
</summary>
</member>
<member name="T:EyeChat.MainWindow">
<summary>
MainWindow
</summary>
</member>
<member name="M:EyeChat.MainWindow.InitializeComponent">
<summary>
InitializeComponent
</summary>
</member>
<member name="T:EyeChat.XamlGeneratedNamespace.GeneratedInternalTypeHelper">
<summary>
GeneratedInternalTypeHelper
</summary>
</member>
<member name="M:EyeChat.XamlGeneratedNamespace.GeneratedInternalTypeHelper.CreateInstance(System.Type,System.Globalization.CultureInfo)">
<summary>
CreateInstance
</summary>
</member>
<member name="M:EyeChat.XamlGeneratedNamespace.GeneratedInternalTypeHelper.GetPropertyValue(System.Reflection.PropertyInfo,System.Object,System.Globalization.CultureInfo)">
<summary>
GetPropertyValue
</summary>
</member>
<member name="M:EyeChat.XamlGeneratedNamespace.GeneratedInternalTypeHelper.SetPropertyValue(System.Reflection.PropertyInfo,System.Object,System.Object,System.Globalization.CultureInfo)">
<summary>
SetPropertyValue
</summary>
</member>
<member name="M:EyeChat.XamlGeneratedNamespace.GeneratedInternalTypeHelper.CreateDelegate(System.Type,System.Object,System.String)">
<summary>
CreateDelegate
</summary>
</member>
<member name="M:EyeChat.XamlGeneratedNamespace.GeneratedInternalTypeHelper.AddEventHandler(System.Reflection.EventInfo,System.Object,System.Delegate)">
<summary>
AddEventHandler
</summary>
</member>
</members>
</doc>
