[{"Id":"123","Colors":"gray","Title":"Mr","LastName":"ISMERT","FirstName":"Jean","Exams":"FO","Annotation":"MDT","Position":"Pozda","Hold_Time":"2023-06-16T05:56:01.1608088+02:00","Pick_up_Time":"2023-06-16T06:56:04.6268983+02:00","Time_Order":"00:00:00","Examinator":"Benoit","OperatorName":"Operator","IsTaken":true},
{"Id":"456","Colors":"Yellow","Title":"Enfant","LastName":"DUPONT","FirstName":"Loic","Exams":"SK","Annotation":"Premier RDV","Position":"Pozda","Hold_Time":"2023-06-16T06:16:01.16181+02:00","Pick_up_Time":"0001-01-01T00:00:00","Time_Order":"00:00:00","Examinator":"Caroline","OperatorName":"Operator","IsTaken":false},
{"Id":"789","Colors":"Blue","Title":"Mme","LastName":"MUULER","FirstName":"Anne-Marie","Exams":"AT","Annotation":"Naevus iris OG","Position":"Pozda","Hold_Time":"2023-06-16T06:36:01.16181+02:00","Pick_up_Time":"0001-01-01T00:00:00","Time_Order":"00:00:00","Examinator":"Alix","OperatorName":"Operator","IsTaken":false},
{"Id":"123","Colors":"Red","Title":"Mr","LastName":"ISMERT","FirstName":"Jean","Exams":"FO","Annotation":"MDT","Position":"Pozda","Hold_Time":"2023-06-16T05:56:01.16181+02:00","Pick_up_Time":"0001-01-01T00:00:00","Time_Order":"00:00:00","Examinator":"Benoit","OperatorName":"Operator","IsTaken":false},
{"Id":"456","Colors":"Yellow","Title":"Enfant","LastName":"DUPONT","FirstName":"Loic","Exams":"SK","Annotation":"Premier RDV","Position":"Pozda","Hold_Time":"2023-06-16T06:16:01.16181+02:00","Pick_up_Time":"0001-01-01T00:00:00","Time_Order":"00:00:00","Examinator":"Caroline","OperatorName":"Operator","IsTaken":false},
{"Id":"789","Colors":"Blue","Title":"Mme","LastName":"MUULER","FirstName":"Anne-Marie","Exams":"AT","Annotation":"Naevus iris OG","Position":"Pozda","Hold_Time":"2023-06-16T06:36:01.16181+02:00","Pick_up_Time":"0001-01-01T00:00:00","Time_Order":"00:00:00","Examinator":"Alix","OperatorName":"Operator","IsTaken":false},
{"Id":"123","Colors":"Red","Title":"Mr","LastName":"ISMERT","FirstName":"Jean","Exams":"FO","Annotation":"MDT","Position":"Pozda","Hold_Time":"2023-06-16T05:57:34.9747703+02:00","Pick_up_Time":"0001-01-01T00:00:00","Time_Order":"00:00:00","Examinator":"Benoit","OperatorName":"Operator","IsTaken":false},
{"Id":"456","Colors":"Yellow","Title":"Enfant","LastName":"DUPONT","FirstName":"Loic","Exams":"SK","Annotation":"Premier RDV","Position":"Pozda","Hold_Time":"2023-06-16T06:17:34.9747703+02:00","Pick_up_Time":"0001-01-01T00:00:00","Time_Order":"00:00:00","Examinator":"Caroline","OperatorName":"Operator","IsTaken":false},
{"Id":"789","Colors":"Blue","Title":"Mme","LastName":"MUULER","FirstName":"Anne-Marie","Exams":"AT","Annotation":"Naevus iris OG","Position":"Pozda","Hold_Time":"2023-06-16T06:37:34.9747703+02:00","Pick_up_Time":"0001-01-01T00:00:00","Time_Order":"00:00:00","Examinator":"Alix","OperatorName":"Operator","IsTaken":false},
{"Id":"123","Colors":"Red","Title":"Mr","LastName":"ISMERT","FirstName":"Jean","Exams":"FO","Annotation":"MDT","Position":"Pozda","Hold_Time":"2023-06-16T05:57:41.7977327+02:00","Pick_up_Time":"0001-01-01T00:00:00","Time_Order":"00:00:00","Examinator":"Benoit","OperatorName":"Operator","IsTaken":false},
{"Id":"456","Colors":"Yellow","Title":"Enfant","LastName":"DUPONT","FirstName":"Loic","Exams":"SK","Annotation":"Premier RDV","Position":"Pozda","Hold_Time":"2023-06-16T06:17:41.7977327+02:00","Pick_up_Time":"0001-01-01T00:00:00","Time_Order":"00:00:00","Examinator":"Caroline","OperatorName":"Operator","IsTaken":false},
{"Id":"789","Colors":"Blue","Title":"Mme","LastName":"MUULER","FirstName":"Anne-Marie","Exams":"AT","Annotation":"Naevus iris OG","Position":"Pozda","Hold_Time":"2023-06-16T06:37:41.7977327+02:00","Pick_up_Time":"0001-01-01T00:00:00","Time_Order":"00:00:00","Examinator":"Alix","OperatorName":"Operator","IsTaken":false}]