[{"Name":"A Tous","Room":"","Status":"Offline","Avatar":"C:\\Users\\the-g\\source\\repos\\EyeChat\\EyeChat\\bin\\Debug\\Avatar\\avataaars.png"},
{"Name":"Secrétariat","Room":"","Status":"Offline","Avatar":"C:\\Users\\the-g\\source\\repos\\EyeChat\\EyeChat\\bin\\Debug\\Avatar\\avataaars.png"},
{"Name":"Benoit","Room":"","Status":"Offline","Avatar":"C:\\Users\\the-g\\source\\repos\\EyeChat\\EyeChat\\bin\\Debug\\Avatar\\avataaars.png"},
{"Name":"Alicia","Room":"","Status":"Offline","Avatar":"C:\\Users\\the-g\\source\\repos\\EyeChat\\EyeChat\\bin\\Debug\\Avatar\\avataaars.png"},
{"Name":"Esra","Room":"bbb","Status":"Offline","Avatar":"C:\\Users\\the-g\\source\\repos\\EyeChat\\EyeChat\\bin\\Debug\\Avatar\\avataaars.png"},
{"Name":"Alix","Room":"salle","Status":"Offline","Avatar":"C:\\Users\\the-g\\source\\repos\\EyeChat\\EyeChat\\bin\\Debug\\Avatar\\avataaars.png"}]