[
  {
    "index": 1,
    "Name": "FO",
    "Color": "red",
    "CodeMSG": "FO=",
    "Annotation": null,
    "Floor": "RDC"  
  },
  {
    "index": 2,
    "Name": "SK",
    "Color": "yellow",
    "CodeMSG": "SK=",
    "Annotation": null,
    "Floor": "RDC"
  },
  {
    "index": 3,
    "Name": "AT",
    "Color": "green",
    "CodeMSG": "AT=",
    "Annotation": null,
    "Floor": "RDC"
  },
  {
    "index": 4,
    "Name": "AT-SK",
    "Color": "lightyellow",
    "CodeMSG": "ATSK=",
    "Annotation": null,
    "Floor": "RDC"
  },
  {
    "index": 5,
    "Name": "AT-FO",
    "Color": "lightred",
    "CodeMSG": "ATFO=",
    "Annotation": null,
    "Floor": "RDC"
  },
  {
    "index": 6,
    "Name": "AT-CV",
    "Color": "lightblue",
    "CodeMSG": "ATCV=",
    "Annotation": null,
    "Floor": "RDC"
  },
  {
    "index": 7,
    "Name": "FO",
    "Color": "red",
    "CodeMSG": "FO*",
    "Annotation": "Gouttes dés arrivée",
    "Floor": "RDC"
  },
  {
    "index": 8,
    "Name": "SK",
    "Color": "yellow",
    "CodeMSG": "SK*",
    "Annotation": "Gouttes dés arrivée",
    "Floor": "RDC"
  }
]