[{"Name":"Alicia","Password":"123","ParamAvatar":"benoit.png","ParamTheme":"Sombre","ParamColor":"Green","ParamSize":"normal","ParamRoom":"Nom","ParamOptinalRoom":""},{"Name":"Alix","Password":"123","ParamAvatar":"benoit.png","ParamTheme":"Sombre","ParamColor":"Green","ParamSize":"normal","ParamRoom":"Nom","ParamOptinalRoom":""},{"Name":"Benoit","Password":"123","ParamAvatar":"benoit.png","ParamTheme":"Sombre","ParamColor":"Green","ParamSize":"normal","ParamRoom":"Nom","ParamOptinalRoom":""},{"Name":"Caroline","Password":"123","ParamAvatar":"benoit.png","ParamTheme":"Sombre","ParamColor":"Green","ParamSize":"normal","ParamRoom":"Nom","ParamOptinalRoom":""},{"Name":"Christelle","Password":"123","ParamAvatar":"benoit.png","ParamTheme":"Sombre","ParamColor":"Green","ParamSize":"normal","ParamRoom":"Nom","ParamOptinalRoom":""},{"Name":"Esra","Password":"123","ParamAvatar":"benoit.png","ParamTheme":"Sombre","ParamColor":"Green","ParamSize":"normal","ParamRoom":"Nom","ParamOptinalRoom":""},{"Name":"Chef","Password":"123","ParamAvatar":"benoit.png","ParamTheme":"Sombre","ParamColor":"Green","ParamSize":"normal","ParamRoom":"Nom","ParamOptinalRoom":""}]