[
  {
    "Name": "A Tous",
    "AuxiliaireTilte": "",
    "Status": "Offline",
    "Avatar": "/Avatar/benoit.png"
  },
  {
    "Name": "Secrétariat",
    "AuxiliaireTilte": "",
    "Status": "Offline",
    "Avatar": "/Avatar/secrétaria.png"
  },
  {
    "Name": "Alix",
    "AuxiliaireTilte": "",
    "Status": "Offline",
    "Avatar": "/Avatar/avataaars.png"
  },
  {
    "Name": "MédecinRDC",
    "AuxiliaireTilte": "",
    "Status": "Offline",
    "Avatar": "/Avatar/avataaars.png"
  },
  {
    "Name": "Benoit",
    "AuxiliaireTilte": "",
    "Status": "Offline",
    "Avatar": "/Avatar/avataaars.png"
  },
  {
    "Name": "Christelle",
    "AuxiliaireTilte": "",
    "Status": "Offline",
    "Avatar": "/Avatar/avataaars.png"
  },
  {
    "Name": "Alicia",
    "AuxiliaireTilte": "",
    "Status": "Offline",
    "Avatar": "/Avatar/avataaars.png"
  },
  {
    "Name": "Esra",
    "AuxiliaireTilte": "",
    "Status": "Offline",
    "Avatar": "/Avatar/avataaars.png"
  },
  {
    "Name": "Caroline",
    "AuxiliaireTilte": "",
    "Status": "Offline",
    "Avatar": "/Avatar/avataaars.png"
  }
]